Description,Cells,Marker,Imaging Source,Resource Location,Start Time,End Time,Comments
ABp,ABp,test,test,wormguides/models/obj_files/ABp,1,400,
P1,P1,test,test,wormguides/models/obj_files/P1,1,400,
ABa,ABa,test,test,wormguides/models/obj_files/ABa,1,400,
EMS,EMS,test,test,wormguides/models/obj_files/EMS,1,400,
P2,P2,test,test,wormguides/models/obj_files/P2,1,400,
ABal,ABal,test,test,wormguides/models/obj_files/ABal,1,400,
ABpl,ABpl,test,test,wormguides/models/obj_files/ABpl,1,400,
ABpr,ABpr,test,test,wormguides/models/obj_files/ABpr,1,400,
ABar,ABar,test,test,wormguides/models/obj_files/ABar,1,400,
MS,MS,test,test,wormguides/models/obj_files/MS,1,400,
E,E,test,test,wormguides/models/obj_files/E,1,400,
C,C,test,test,wormguides/models/obj_files/C,1,400,
P3,P3,test,test,wormguides/models/obj_files/P3,1,400,
ABala,ABala,test,test,wormguides/models/obj_files/ABala,1,400,
ABplp,ABplp,test,test,wormguides/models/obj_files/ABplp,1,400,note sub optimal right side because axial view
ABpla,ABpla,test,test,wormguides/models/obj_files/ABpla,1,400,
ABprp,ABprp,test,test,wormguides/models/obj_files/ABprp,1,400,multicellular structure right test comment
ABpra,ABpra,test,test,wormguides/models/obj_files/ABpra,1,400,multicellular structure left test comment
ABalp,ABalp,test,test,wormguides/models/obj_files/ABalp,1,400,"initial lim-4 attempt, there is something wrong still"
ABara,ABara,test,test,wormguides/models/obj_files/ABara,1,400,
ABarp,ABarp,test,test,wormguides/models/obj_files/ABarp,1,400,
MSp,MSp,test,test,wormguides/models/obj_files/MSp,1,400,
MSa,MSa,test,test,wormguides/models/obj_files/MSa,1,400,
Ea,Ea,test,test,wormguides/models/obj_files/Ea,1,400,
Ep,Ep,test,test,wormguides/models/obj_files/Ep,1,400,
Ca,Ca,test,test,wormguides/models/obj_files/Ca,1,400,
Cp,Cp,test,test,wormguides/models/obj_files/Cp,1,400,
ABplaa,ABplaa,test,test,wormguides/models/obj_files/ABplaa,1,400,
ABplap,ABplap,test,test,wormguides/models/obj_files/ABplap,1,400,
ABaraa,ABaraa,test,test,wormguides/models/obj_files/ABaraa,1,400,
ABarap,ABarap,test,test,wormguides/models/obj_files/ABarap,1,400,
ABarpa,ABarpa,test,test,wormguides/models/obj_files/ABarpa,1,400,
ABarpp,ABarpp,test,test,wormguides/models/obj_files/ABarpp,1,400,
ABalap,ABalap,test,test,wormguides/models/obj_files/ABalap,1,400,
ABalaa,ABalaa,test,test,wormguides/models/obj_files/ABalaa,1,400,
ABplpp,ABplpp,test,test,wormguides/models/obj_files/ABplpp,1,400,
ABplpa,ABplpa,test,test,wormguides/models/obj_files/ABplpa,1,400,
ABprpa,ABprpa,test,test,wormguides/models/obj_files/ABprpa,1,400,
ABprpp,ABprpp,test,test,wormguides/models/obj_files/ABprpp,1,400,
ABpraa,ABpraa,test,test,wormguides/models/obj_files/ABpraa,1,400,
ABprap,ABprap,test,test,wormguides/models/obj_files/ABprap,1,400,
D,D,test,test,wormguides/models/obj_files/D,1,400,
P4,P4,test,test,wormguides/models/obj_files/P4,1,400,
ABalpp,ABalpp,test,test,wormguides/models/obj_files/ABalpp,1,400,
ABalpa,ABalpa,test,test,wormguides/models/obj_files/ABalpa,1,400,
MSpp,MSpp,test,test,wormguides/models/obj_files/MSpp,1,400,
MSpa,MSpa,test,test,wormguides/models/obj_files/MSpa,1,400,
MSap,MSap,test,test,wormguides/models/obj_files/MSap,1,400,
MSaa,MSaa,test,test,wormguides/models/obj_files/MSaa,1,400,
Cap,Cap,test,test,wormguides/models/obj_files/Cap,1,400,
Caa,Caa,test,test,wormguides/models/obj_files/Caa,1,400,
Cpa,Cpa,test,test,wormguides/models/obj_files/Cpa,1,400,
Cpp,Cpp,test,test,wormguides/models/obj_files/Cpp,1,400,
ABplaap,ABplaap,test,test,wormguides/models/obj_files/ABplaap,1,400,
ABplaaa,ABplaaa,test,test,wormguides/models/obj_files/ABplaaa,1,400,
ABplapp,ABplapp,test,test,wormguides/models/obj_files/ABplapp,1,400,
ABplapa,ABplapa,test,test,wormguides/models/obj_files/ABplapa,1,400,
ABarapa,ABarapa,test,test,wormguides/models/obj_files/ABarapa,1,400,
ABarapp,ABarapp,test,test,wormguides/models/obj_files/ABarapp,1,400,
ABplppp,ABplppp,test,test,wormguides/models/obj_files/ABplppp,1,400,
ABplppa,ABplppa,test,test,wormguides/models/obj_files/ABplppa,1,400,
ABpraap,ABpraap,test,test,wormguides/models/obj_files/ABpraap,1,400,
ABpraaa,ABpraaa,test,test,wormguides/models/obj_files/ABpraaa,1,400,
ABprapp,ABprapp,test,test,wormguides/models/obj_files/ABprapp,1,400,
ABprapa,ABprapa,test,test,wormguides/models/obj_files/ABprapa,1,400,
ABalppp,ABalppp,test,test,wormguides/models/obj_files/ABalppp,1,400,
ABalppa,ABalppa,test,test,wormguides/models/obj_files/ABalppa,1,400,
ABalpap,ABalpap,test,test,wormguides/models/obj_files/ABalpap,1,400,
ABalpaa,ABalpaa,test,test,wormguides/models/obj_files/ABalpaa,1,400,
ABaraap,ABaraap,test,test,wormguides/models/obj_files/ABaraap,1,400,
ABaraaa,ABaraaa,test,test,wormguides/models/obj_files/ABaraaa,1,400,
ABarpap,ABarpap,test,test,wormguides/models/obj_files/ABarpap,1,400,
ABarpaa,ABarpaa,test,test,wormguides/models/obj_files/ABarpaa,1,400,
ABarppa,ABarppa,test,test,wormguides/models/obj_files/ABarppa,1,400,
ABarppp,ABarppp,test,test,wormguides/models/obj_files/ABarppp,1,400,
ABalapp,ABalapp,test,test,wormguides/models/obj_files/ABalapp,1,400,
ABalapa,ABalapa,test,test,wormguides/models/obj_files/ABalapa,1,400,
ABplpap,ABplpap,test,test,wormguides/models/obj_files/ABplpap,1,400,
ABplpaa,ABplpaa,test,test,wormguides/models/obj_files/ABplpaa,1,400,
ABprpap,ABprpap,test,test,wormguides/models/obj_files/ABprpap,1,400,
ABprpaa,ABprpaa,test,test,wormguides/models/obj_files/ABprpaa,1,400,
ABprppp,ABprppp,test,test,wormguides/models/obj_files/ABprppp,1,400,
ABprppa,ABprppa,test,test,wormguides/models/obj_files/ABprppa,1,400,
ABalaap,ABalaap,test,test,wormguides/models/obj_files/ABalaap,1,400,
ABalaaa,ABalaaa,test,test,wormguides/models/obj_files/ABalaaa,1,400,
Eal,Eal,test,test,wormguides/models/obj_files/Eal,1,400,
Epl,Epl,test,test,wormguides/models/obj_files/Epl,1,400,
Epr,Epr,test,test,wormguides/models/obj_files/Epr,1,400,
Ear,Ear,test,test,wormguides/models/obj_files/Ear,1,400,
Da,Da,test,test,wormguides/models/obj_files/Da,1,400,
Dp,Dp,test,test,wormguides/models/obj_files/Dp,1,400,
MSpap,MSpap,test,test,wormguides/models/obj_files/MSpap,1,400,
MSpaa,MSpaa,test,test,wormguides/models/obj_files/MSpaa,1,400,
MSaaa,MSaaa,test,test,wormguides/models/obj_files/MSaaa,1,400,
MSaap,MSaap,test,test,wormguides/models/obj_files/MSaap,1,400,
MSppp,MSppp,test,test,wormguides/models/obj_files/MSppp,1,400,
MSppa,MSppa,test,test,wormguides/models/obj_files/MSppa,1,400,
MSapp,MSapp,test,test,wormguides/models/obj_files/MSapp,1,400,
MSapa,MSapa,test,test,wormguides/models/obj_files/MSapa,1,400,
Cpap,Cpap,test,test,wormguides/models/obj_files/Cpap,1,400,
Cpaa,Cpaa,test,test,wormguides/models/obj_files/Cpaa,1,400,
Caaa,Caaa,test,test,wormguides/models/obj_files/Caaa,1,400,
Caap,Caap,test,test,wormguides/models/obj_files/Caap,1,400,
Cppa,Cppa,test,test,wormguides/models/obj_files/Cppa,1,400,
Cppp,Cppp,test,test,wormguides/models/obj_files/Cppp,1,400,
ABplaapp,ABplaapp,test,test,wormguides/models/obj_files/ABplaapp,1,400,
ABplaapa,ABplaapa,test,test,wormguides/models/obj_files/ABplaapa,1,400,
ABplapaa,ABplapaa,test,test,wormguides/models/obj_files/ABplapaa,1,400,
ABplapap,ABplapap,test,test,wormguides/models/obj_files/ABplapap,1,400,
ABpraapa,ABpraapa,test,test,wormguides/models/obj_files/ABpraapa,1,400,
ABpraapp,ABpraapp,test,test,wormguides/models/obj_files/ABpraapp,1,400,
ABalpapa,ABalpapa,test,test,wormguides/models/obj_files/ABalpapa,1,400,
ABalpapp,ABalpapp,test,test,wormguides/models/obj_files/ABalpapp,1,400,
ABarpaap,ABarpaap,test,test,wormguides/models/obj_files/ABarpaap,1,400,
ABarpaaa,ABarpaaa,test,test,wormguides/models/obj_files/ABarpaaa,1,400,
ABarppaa,ABarppaa,test,test,wormguides/models/obj_files/ABarppaa,1,400,
ABarppap,ABarppap,test,test,wormguides/models/obj_files/ABarppap,1,400,
ABplpppp,ABplpppp,test,test,wormguides/models/obj_files/ABplpppp,1,400,
ABplpppa,ABplpppa,test,test,wormguides/models/obj_files/ABplpppa,1,400,
ABplappp,ABplappp,test,test,wormguides/models/obj_files/ABplappp,1,400,
ABplappa,ABplappa,test,test,wormguides/models/obj_files/ABplappa,1,400,
ABprappa,ABprappa,test,test,wormguides/models/obj_files/ABprappa,1,400,
ABprappp,ABprappp,test,test,wormguides/models/obj_files/ABprappp,1,400,
ABalpppp,ABalpppp,test,test,wormguides/models/obj_files/ABalpppp,1,400,
ABalpppa,ABalpppa,test,test,wormguides/models/obj_files/ABalpppa,1,400,
ABaraapp,ABaraapp,test,test,wormguides/models/obj_files/ABaraapp,1,400,
ABaraapa,ABaraapa,test,test,wormguides/models/obj_files/ABaraapa,1,400,
ABarapap,ABarapap,test,test,wormguides/models/obj_files/ABarapap,1,400,
ABarapaa,ABarapaa,test,test,wormguides/models/obj_files/ABarapaa,1,400,
ABarappp,ABarappp,test,test,wormguides/models/obj_files/ABarappp,1,400,
ABarappa,ABarappa,test,test,wormguides/models/obj_files/ABarappa,1,400,
ABarpapp,ABarpapp,test,test,wormguides/models/obj_files/ABarpapp,1,400,
ABarpapa,ABarpapa,test,test,wormguides/models/obj_files/ABarpapa,1,400,
ABarpppp,ABarpppp,test,test,wormguides/models/obj_files/ABarpppp,1,400,
ABarpppa,ABarpppa,test,test,wormguides/models/obj_files/ABarpppa,1,400,
ABalapap,ABalapap,test,test,wormguides/models/obj_files/ABalapap,1,400,
ABalapaa,ABalapaa,test,test,wormguides/models/obj_files/ABalapaa,1,400,
ABplpapp,ABplpapp,test,test,wormguides/models/obj_files/ABplpapp,1,400,
ABplpapa,ABplpapa,test,test,wormguides/models/obj_files/ABplpapa,1,400,
ABplaaaa,ABplaaaa,test,test,wormguides/models/obj_files/ABplaaaa,1,400,
ABplaaap,ABplaaap,test,test,wormguides/models/obj_files/ABplaaap,1,400,
ABprpapa,ABprpapa,test,test,wormguides/models/obj_files/ABprpapa,1,400,
ABprpapp,ABprpapp,test,test,wormguides/models/obj_files/ABprpapp,1,400,
ABprapaa,ABprapaa,test,test,wormguides/models/obj_files/ABprapaa,1,400,
ABprapap,ABprapap,test,test,wormguides/models/obj_files/ABprapap,1,400,
Capp,Capp,test,test,wormguides/models/obj_files/Capp,1,400,
Capa,Capa,test,test,wormguides/models/obj_files/Capa,1,400,
ABalppaa,ABalppaa,test,test,wormguides/models/obj_files/ABalppaa,1,400,
ABalppap,ABalppap,test,test,wormguides/models/obj_files/ABalppap,1,400,
ABaraaap,ABaraaap,test,test,wormguides/models/obj_files/ABaraaap,1,400,
ABaraaaa,ABaraaaa,test,test,wormguides/models/obj_files/ABaraaaa,1,400,
ABalappp,ABalappp,test,test,wormguides/models/obj_files/ABalappp,1,400,
ABalappa,ABalappa,test,test,wormguides/models/obj_files/ABalappa,1,400,
ABplppap,ABplppap,test,test,wormguides/models/obj_files/ABplppap,1,400,
ABplppaa,ABplppaa,test,test,wormguides/models/obj_files/ABplppaa,1,400,
ABplpaaa,ABplpaaa,test,test,wormguides/models/obj_files/ABplpaaa,1,400,
ABplpaap,ABplpaap,test,test,wormguides/models/obj_files/ABplpaap,1,400,
ABprpaaa,ABprpaaa,test,test,wormguides/models/obj_files/ABprpaaa,1,400,
ABprpaap,ABprpaap,test,test,wormguides/models/obj_files/ABprpaap,1,400,
ABprpppa,ABprpppa,test,test,wormguides/models/obj_files/ABprpppa,1,400,
ABprpppp,ABprpppp,test,test,wormguides/models/obj_files/ABprpppp,1,400,
ABalpaaa,ABalpaaa,test,test,wormguides/models/obj_files/ABalpaaa,1,400,
ABalpaap,ABalpaap,test,test,wormguides/models/obj_files/ABalpaap,1,400,
ABalaaaa,ABalaaaa,test,test,wormguides/models/obj_files/ABalaaaa,1,400,
ABalaaap,ABalaaap,test,test,wormguides/models/obj_files/ABalaaap,1,400,
ABprppaa,ABprppaa,test,test,wormguides/models/obj_files/ABprppaa,1,400,
ABprppap,ABprppap,test,test,wormguides/models/obj_files/ABprppap,1,400,
ABpraaap,ABpraaap,test,test,wormguides/models/obj_files/ABpraaap,1,400,
ABpraaaa,ABpraaaa,test,test,wormguides/models/obj_files/ABpraaaa,1,400,
ABalaapa,ABalaapa,test,test,wormguides/models/obj_files/ABalaapa,1,400,
ABalaapp,ABalaapp,test,test,wormguides/models/obj_files/ABalaapp,1,400,
MSpapa,MSpapa,test,test,wormguides/models/obj_files/MSpapa,1,400,
MSpapp,MSpapp,test,test,wormguides/models/obj_files/MSpapp,1,400,
MSpaaa,MSpaaa,test,test,wormguides/models/obj_files/MSpaaa,1,400,
MSpaap,MSpaap,test,test,wormguides/models/obj_files/MSpaap,1,400,
MSaaaa,MSaaaa,test,test,wormguides/models/obj_files/MSaaaa,1,400,
MSaaap,MSaaap,test,test,wormguides/models/obj_files/MSaaap,1,400,
MSaapp,MSaapp,test,test,wormguides/models/obj_files/MSaapp,1,400,
MSaapa,MSaapa,test,test,wormguides/models/obj_files/MSaapa,1,400,
MSpppp,MSpppp,test,test,wormguides/models/obj_files/MSpppp,1,400,
MSpppa,MSpppa,test,test,wormguides/models/obj_files/MSpppa,1,400,
MSppaa,MSppaa,test,test,wormguides/models/obj_files/MSppaa,1,400,
MSppap,MSppap,test,test,wormguides/models/obj_files/MSppap,1,400,
Z3,Z3,test,test,wormguides/models/obj_files/Z3,1,400,
Z2,Z2,test,test,wormguides/models/obj_files/Z2,1,400,
MSappp,MSappp,test,test,wormguides/models/obj_files/MSappp,1,400,
MSappa,MSappa,test,test,wormguides/models/obj_files/MSappa,1,400,
MSapap,MSapap,test,test,wormguides/models/obj_files/MSapap,1,400,
MSapaa,MSapaa,test,test,wormguides/models/obj_files/MSapaa,1,400,
Ealp,Ealp,test,test,wormguides/models/obj_files/Ealp,1,400,
Eala,Eala,test,test,wormguides/models/obj_files/Eala,1,400,
Daa,Daa,test,test,wormguides/models/obj_files/Daa,1,400,
Dap,Dap,test,test,wormguides/models/obj_files/Dap,1,400,
Eplp,Eplp,test,test,wormguides/models/obj_files/Eplp,1,400,
Epra,Epra,test,test,wormguides/models/obj_files/Epra,1,400,
Epla,Epla,test,test,wormguides/models/obj_files/Epla,1,400,
Eprp,Eprp,test,test,wormguides/models/obj_files/Eprp,1,400,
Dpa,Dpa,test,test,wormguides/models/obj_files/Dpa,1,400,
Dpp,Dpp,test,test,wormguides/models/obj_files/Dpp,1,400,
Eara,Eara,test,test,wormguides/models/obj_files/Eara,1,400,
Earp,Earp,test,test,wormguides/models/obj_files/Earp,1,400,
Cpaaa,Cpaaa,test,test,wormguides/models/obj_files/Cpaaa,1,400,
Cpaap,Cpaap,test,test,wormguides/models/obj_files/Cpaap,1,400,
Caaap,Caaap,test,test,wormguides/models/obj_files/Caaap,1,400,
Caaaa,Caaaa,test,test,wormguides/models/obj_files/Caaaa,1,400,
Cpapp,Cpapp,test,test,wormguides/models/obj_files/Cpapp,1,400,
Cpapa,Cpapa,test,test,wormguides/models/obj_files/Cpapa,1,400,
ABplaappa,ABplaappa,test,test,wormguides/models/obj_files/ABplaappa,1,400,
ABplaappp,ABplaappp,test,test,wormguides/models/obj_files/ABplaappp,1,400,
ABalpappa,ABalpappa,test,test,wormguides/models/obj_files/ABalpappa,1,400,
ABalpappp,ABalpappp,test,test,wormguides/models/obj_files/ABalpappp,1,400,
ABplapapp,ABplapapp,test,test,wormguides/models/obj_files/ABplapapp,1,400,
ABplapapa,ABplapapa,test,test,wormguides/models/obj_files/ABplapapa,1,400,
ABpraappp,ABpraappp,test,test,wormguides/models/obj_files/ABpraappp,1,400,
ABpraappa,ABpraappa,test,test,wormguides/models/obj_files/ABpraappa,1,400,
ABalppppp,ABalppppp,test,test,wormguides/models/obj_files/ABalppppp,1,400,
ABalppppa,ABalppppa,test,test,wormguides/models/obj_files/ABalppppa,1,400,
ABplppppa,ABplppppa,test,test,wormguides/models/obj_files/ABplppppa,1,400,
ABplppppp,ABplppppp,test,test,wormguides/models/obj_files/ABplppppp,1,400,
ABplaapaa,ABplaapaa,test,test,wormguides/models/obj_files/ABplaapaa,1,400,
ABplaapap,ABplaapap,test,test,wormguides/models/obj_files/ABplaapap,1,400,
ABarapapa,ABarapapa,test,test,wormguides/models/obj_files/ABarapapa,1,400,
ABarapapp,ABarapapp,test,test,wormguides/models/obj_files/ABarapapp,1,400,
ABplpappa,ABplpappa,test,test,wormguides/models/obj_files/ABplpappa,1,400,
ABplpappp,ABplpappp,test,test,wormguides/models/obj_files/ABplpappp,1,400,
ABprpappp,ABprpappp,test,test,wormguides/models/obj_files/ABprpappp,1,400,
ABprpappa,ABprpappa,test,test,wormguides/models/obj_files/ABprpappa,1,400,
ABprapapp,ABprapapp,test,test,wormguides/models/obj_files/ABprapapp,1,400,
ABprapapa,ABprapapa,test,test,wormguides/models/obj_files/ABprapapa,1,400,
ABalpaapp,ABalpaapp,test,test,wormguides/models/obj_files/ABalpaapp,1,400,
ABalpaapa,ABalpaapa,test,test,wormguides/models/obj_files/ABalpaapa,1,400,
ABarpaapp,ABarpaapp,test,test,wormguides/models/obj_files/ABarpaapp,1,400,
ABarpaapa,ABarpaapa,test,test,wormguides/models/obj_files/ABarpaapa,1,400,
ABalapppp,ABalapppp,test,test,wormguides/models/obj_files/ABalapppp,1,400,
ABalapppa,ABalapppa,test,test,wormguides/models/obj_files/ABalapppa,1,400,
ABalapapp,ABalapapp,test,test,wormguides/models/obj_files/ABalapapp,1,400,
ABalapapa,ABalapapa,test,test,wormguides/models/obj_files/ABalapapa,1,400,
ABplpppap,ABplpppap,test,test,wormguides/models/obj_files/ABplpppap,1,400,
ABplpppaa,ABplpppaa,test,test,wormguides/models/obj_files/ABplpppaa,1,400,
ABprppppa,ABprppppa,test,test,wormguides/models/obj_files/ABprppppa,1,400,
ABprppppp,ABprppppp,test,test,wormguides/models/obj_files/ABprppppp,1,400,
ABpraapaa,ABpraapaa,test,test,wormguides/models/obj_files/ABpraapaa,1,400,
ABpraapap,ABpraapap,test,test,wormguides/models/obj_files/ABpraapap,1,400,
Caapp,Caapp,test,test,wormguides/models/obj_files/Caapp,1,400,
Caapa,Caapa,test,test,wormguides/models/obj_files/Caapa,1,400,
ABalppapp,ABalppapp,test,test,wormguides/models/obj_files/ABalppapp,1,400,
ABalppapa,ABalppapa,test,test,wormguides/models/obj_files/ABalppapa,1,400,
ABalpapap,ABalpapap,test,test,wormguides/models/obj_files/ABalpapap,1,400,
ABalpapaa,ABalpapaa,test,test,wormguides/models/obj_files/ABalpapaa,1,400,
ABaraappa,ABaraappa,test,test,wormguides/models/obj_files/ABaraappa,1,400,
ABaraappp,ABaraappp,test,test,wormguides/models/obj_files/ABaraappp,1,400,
ABaraapap,ABaraapap,test,test,wormguides/models/obj_files/ABaraapap,1,400,
ABaraapaa,ABaraapaa,test,test,wormguides/models/obj_files/ABaraapaa,1,400,
ABplpapap,ABplpapap,test,test,wormguides/models/obj_files/ABplpapap,1,400,
ABplpapaa,ABplpapaa,test,test,wormguides/models/obj_files/ABplpapaa,1,400,
ABplaaapp,ABplaaapp,test,test,wormguides/models/obj_files/ABplaaapp,1,400,
ABplaaapa,ABplaaapa,test,test,wormguides/models/obj_files/ABplaaapa,1,400,
ABplappaa,ABplappaa,test,test,wormguides/models/obj_files/ABplappaa,1,400,
ABplappap,ABplappap,test,test,wormguides/models/obj_files/ABplappap,1,400,
ABprpppaa,ABprpppaa,test,test,wormguides/models/obj_files/ABprpppaa,1,400,
ABprpppap,ABprpppap,test,test,wormguides/models/obj_files/ABprpppap,1,400,
ABaraaapp,ABaraaapp,test,test,wormguides/models/obj_files/ABaraaapp,1,400,
ABaraaapa,ABaraaapa,test,test,wormguides/models/obj_files/ABaraaapa,1,400,
ABarapppa,ABarapppa,test,test,wormguides/models/obj_files/ABarapppa,1,400,
ABarapppp,ABarapppp,test,test,wormguides/models/obj_files/ABarapppp,1,400,
ABarpappp,ABarpappp,test,test,wormguides/models/obj_files/ABarpappp,1,400,
ABarpappa,ABarpappa,test,test,wormguides/models/obj_files/ABarpappa,1,400,
ABarpapaa,ABarpapaa,test,test,wormguides/models/obj_files/ABarpapaa,1,400,
ABarpapap,ABarpapap,test,test,wormguides/models/obj_files/ABarpapap,1,400,
ABalapaaa,ABalapaaa,test,test,wormguides/models/obj_files/ABalapaaa,1,400,
ABalapaap,ABalapaap,test,test,wormguides/models/obj_files/ABalapaap,1,400,
ABplppapp,ABplppapp,test,test,wormguides/models/obj_files/ABplppapp,1,400,
ABplppapa,ABplppapa,test,test,wormguides/models/obj_files/ABplppapa,1,400,
ABplpaaaa,ABplpaaaa,test,test,wormguides/models/obj_files/ABplpaaaa,1,400,
ABplpaaap,ABplpaaap,test,test,wormguides/models/obj_files/ABplpaaap,1,400,
ABplpaapp,ABplpaapp,test,test,wormguides/models/obj_files/ABplpaapp,1,400,
ABplpaapa,ABplpaapa,test,test,wormguides/models/obj_files/ABplpaapa,1,400,
ABprpapaa,ABprpapaa,test,test,wormguides/models/obj_files/ABprpapaa,1,400,
ABprpapap,ABprpapap,test,test,wormguides/models/obj_files/ABprpapap,1,400,
ABprpaaaa,ABprpaaaa,test,test,wormguides/models/obj_files/ABprpaaaa,1,400,
ABprpaaap,ABprpaaap,test,test,wormguides/models/obj_files/ABprpaaap,1,400,
ABprpaapa,ABprpaapa,test,test,wormguides/models/obj_files/ABprpaapa,1,400,
ABprpaapp,ABprpaapp,test,test,wormguides/models/obj_files/ABprpaapp,1,400,
ABprapaaa,ABprapaaa,test,test,wormguides/models/obj_files/ABprapaaa,1,400,
ABprapaap,ABprapaap,test,test,wormguides/models/obj_files/ABprapaap,1,400,
ABalpppaa,ABalpppaa,test,test,wormguides/models/obj_files/ABalpppaa,1,400,
ABalpppap,ABalpppap,test,test,wormguides/models/obj_files/ABalpppap,1,400,
ABarapaaa,ABarapaaa,test,test,wormguides/models/obj_files/ABarapaaa,1,400,
ABarapaap,ABarapaap,test,test,wormguides/models/obj_files/ABarapaap,1,400,
ABplapaap,ABplapaap,test,test,wormguides/models/obj_files/ABplapaap,1,400,
ABplapaaa,ABplapaaa,test,test,wormguides/models/obj_files/ABplapaaa,1,400,
ABpraaapa,ABpraaapa,test,test,wormguides/models/obj_files/ABpraaapa,1,400,
ABpraaapp,ABpraaapp,test,test,wormguides/models/obj_files/ABpraaapp,1,400,
ABprappap,ABprappap,test,test,wormguides/models/obj_files/ABprappap,1,400,
ABprappaa,ABprappaa,test,test,wormguides/models/obj_files/ABprappaa,1,400,
ABarappaa,ABarappaa,test,test,wormguides/models/obj_files/ABarappaa,1,400,
ABarappap,ABarappap,test,test,wormguides/models/obj_files/ABarappap,1,400,
ABarppapp,ABarppapp,test,test,wormguides/models/obj_files/ABarppapp,1,400,
ABarppapa,ABarppapa,test,test,wormguides/models/obj_files/ABarppapa,1,400,
ABarpppaa,ABarpppaa,test,test,wormguides/models/obj_files/ABarpppaa,1,400,
ABarpppap,ABarpppap,test,test,wormguides/models/obj_files/ABarpppap,1,400,
ABalaappa,ABalaappa,test,test,wormguides/models/obj_files/ABalaappa,1,400,
ABalaappp,ABalaappp,test,test,wormguides/models/obj_files/ABalaappp,1,400,
ABalaaapp,ABalaaapp,test,test,wormguides/models/obj_files/ABalaaapp,1,400,
ABalaaapa,ABalaaapa,test,test,wormguides/models/obj_files/ABalaaapa,1,400,
ABplppaap,ABplppaap,test,test,wormguides/models/obj_files/ABplppaap,1,400,
ABplppaaa,ABplppaaa,test,test,wormguides/models/obj_files/ABplppaaa,1,400,
ABplaaaaa,ABplaaaaa,test,test,wormguides/models/obj_files/ABplaaaaa,1,400,
ABplaaaap,ABplaaaap,test,test,wormguides/models/obj_files/ABplaaaap,1,400,
ABprppapa,ABprppapa,test,test,wormguides/models/obj_files/ABprppapa,1,400,
ABprppapp,ABprppapp,test,test,wormguides/models/obj_files/ABprppapp,1,400,
Cpppp,Cpppp,test,test,wormguides/models/obj_files/Cpppp,1,400,
Cpppa,Cpppa,test,test,wormguides/models/obj_files/Cpppa,1,400,
ABplapppp,ABplapppp,test,test,wormguides/models/obj_files/ABplapppp,1,400,
ABplapppa,ABplapppa,test,test,wormguides/models/obj_files/ABplapppa,1,400,
ABprppaap,ABprppaap,test,test,wormguides/models/obj_files/ABprppaap,1,400,
ABprppaaa,ABprppaaa,test,test,wormguides/models/obj_files/ABprppaaa,1,400,
ABalppaaa,ABalppaaa,test,test,wormguides/models/obj_files/ABalppaaa,1,400,
ABalppaap,ABalppaap,test,test,wormguides/models/obj_files/ABalppaap,1,400,
ABalpaaap,ABalpaaap,test,test,wormguides/models/obj_files/ABalpaaap,1,400,
ABalpaaaa,ABalpaaaa,test,test,wormguides/models/obj_files/ABalpaaaa,1,400,
ABarppaaa,ABarppaaa,test,test,wormguides/models/obj_files/ABarppaaa,1,400,
ABarppaap,ABarppaap,test,test,wormguides/models/obj_files/ABarppaap,1,400,
ABarppppp,ABarppppp,test,test,wormguides/models/obj_files/ABarppppp,1,400,
ABarppppa,ABarppppa,test,test,wormguides/models/obj_files/ABarppppa,1,400,
ABalappaa,ABalappaa,test,test,wormguides/models/obj_files/ABalappaa,1,400,
ABalappap,ABalappap,test,test,wormguides/models/obj_files/ABalappap,1,400,
ABpraaaaa,ABpraaaaa,test,test,wormguides/models/obj_files/ABpraaaaa,1,400,
ABpraaaap,ABpraaaap,test,test,wormguides/models/obj_files/ABpraaaap,1,400,
ABprapppa,ABprapppa,test,test,wormguides/models/obj_files/ABprapppa,1,400,
ABprapppp,ABprapppp,test,test,wormguides/models/obj_files/ABprapppp,1,400,
ABalaaaal,ABalaaaal,test,test,wormguides/models/obj_files/ABalaaaal,1,400,
ABalaaaar,ABalaaaar,test,test,wormguides/models/obj_files/ABalaaaar,1,400,
MSpapap,MSpapap,test,test,wormguides/models/obj_files/MSpapap,1,400,
MSpapaa,MSpapaa,test,test,wormguides/models/obj_files/MSpapaa,1,400,
MSpaaap,MSpaaap,test,test,wormguides/models/obj_files/MSpaaap,1,400,
MSpaaaa,MSpaaaa,test,test,wormguides/models/obj_files/MSpaaaa,1,400,
ABaraaaaa,ABaraaaaa,test,test,wormguides/models/obj_files/ABaraaaaa,1,400,
ABaraaaap,ABaraaaap,test,test,wormguides/models/obj_files/ABaraaaap,1,400,
MSaaaaa,MSaaaaa,test,test,wormguides/models/obj_files/MSaaaaa,1,400,
MSaaaap,MSaaaap,test,test,wormguides/models/obj_files/MSaaaap,1,400,
MSaapaa,MSaapaa,test,test,wormguides/models/obj_files/MSaapaa,1,400,
MSaapap,MSaapap,test,test,wormguides/models/obj_files/MSaapap,1,400,
ABalaapaa,ABalaapaa,test,test,wormguides/models/obj_files/ABalaapaa,1,400,
ABalaapap,ABalaapap,test,test,wormguides/models/obj_files/ABalaapap,1,400,
ABarpaaaa,ABarpaaaa,test,test,wormguides/models/obj_files/ABarpaaaa,1,400,
ABarpaaap,ABarpaaap,test,test,wormguides/models/obj_files/ABarpaaap,1,400,
MSaaapa,MSaaapa,test,test,wormguides/models/obj_files/MSaaapa,1,400,
MSaaapp,MSaaapp,test,test,wormguides/models/obj_files/MSaaapp,1,400,
Cppaa,Cppaa,test,test,wormguides/models/obj_files/Cppaa,1,400,
Cppap,Cppap,test,test,wormguides/models/obj_files/Cppap,1,400,
Cappa,Cappa,test,test,wormguides/models/obj_files/Cappa,1,400,
Cappp,Cappp,test,test,wormguides/models/obj_files/Cappp,1,400,
MSpaapa,MSpaapa,test,test,wormguides/models/obj_files/MSpaapa,1,400,
MSpaapp,MSpaapp,test,test,wormguides/models/obj_files/MSpaapp,1,400,
MSpappa,MSpappa,test,test,wormguides/models/obj_files/MSpappa,1,400,
MSpappp,MSpappp,test,test,wormguides/models/obj_files/MSpappp,1,400,
MSppapp,MSppapp,test,test,wormguides/models/obj_files/MSppapp,1,400,
MSppapa,MSppapa,test,test,wormguides/models/obj_files/MSppapa,1,400,
MSaappp,MSaappp,test,test,wormguides/models/obj_files/MSaappp,1,400,
MSaappa,MSaappa,test,test,wormguides/models/obj_files/MSaappa,1,400,
MSppaap,MSppaap,test,test,wormguides/models/obj_files/MSppaap,1,400,
MSppaaa,MSppaaa,test,test,wormguides/models/obj_files/MSppaaa,1,400,
MSapapp,MSapapp,test,test,wormguides/models/obj_files/MSapapp,1,400,
MSapapa,MSapapa,test,test,wormguides/models/obj_files/MSapapa,1,400,
MSapaap,MSapaap,test,test,wormguides/models/obj_files/MSapaap,1,400,
MSapaaa,MSapaaa,test,test,wormguides/models/obj_files/MSapaaa,1,400,
MSpppaa,MSpppaa,test,test,wormguides/models/obj_files/MSpppaa,1,400,
MSpppap,MSpppap,test,test,wormguides/models/obj_files/MSpppap,1,400,
Capaa,Capaa,test,test,wormguides/models/obj_files/Capaa,1,400,
Capap,Capap,test,test,wormguides/models/obj_files/Capap,1,400,
MSppppa,MSppppa,test,test,wormguides/models/obj_files/MSppppa,1,400,
MSppppp,MSppppp,test,test,wormguides/models/obj_files/MSppppp,1,400,
MSapppa,MSapppa,test,test,wormguides/models/obj_files/MSapppa,1,400,
MSapppp,MSapppp,test,test,wormguides/models/obj_files/MSapppp,1,400,
MSappaa,MSappaa,test,test,wormguides/models/obj_files/MSappaa,1,400,
MSappap,MSappap,test,test,wormguides/models/obj_files/MSappap,1,400,
Dppp,Dppp,test,test,wormguides/models/obj_files/Dppp,1,400,
Dppa,Dppa,test,test,wormguides/models/obj_files/Dppa,1,400,
Daap,Daap,test,test,wormguides/models/obj_files/Daap,1,400,
Daaa,Daaa,test,test,wormguides/models/obj_files/Daaa,1,400,
Dapp,Dapp,test,test,wormguides/models/obj_files/Dapp,1,400,
ABalpppppa,ABalpppppa,test,test,wormguides/models/obj_files/ABalpppppa,1,400,
ABalpppppp,ABalpppppp,test,test,wormguides/models/obj_files/ABalpppppp,1,400,
ABalpappap,ABalpappap,test,test,wormguides/models/obj_files/ABalpappap,1,400,
ABalpappaa,ABalpappaa,test,test,wormguides/models/obj_files/ABalpappaa,1,400,
Dapa,Dapa,test,test,wormguides/models/obj_files/Dapa,1,400,
ABalpapppp,ABalpapppp,test,test,wormguides/models/obj_files/ABalpapppp,1,400,
ABalpapppa,ABalpapppa,test,test,wormguides/models/obj_files/ABalpapppa,1,400,
Dpap,Dpap,test,test,wormguides/models/obj_files/Dpap,1,400,
Dpaa,Dpaa,test,test,wormguides/models/obj_files/Dpaa,1,400,
ABarapappp,ABarapappp,test,test,wormguides/models/obj_files/ABarapappp,1,400,
ABarapappa,ABarapappa,test,test,wormguides/models/obj_files/ABarapappa,1,400,
ABalpaapap,ABalpaapap,test,test,wormguides/models/obj_files/ABalpaapap,1,400,
ABalpaapaa,ABalpaapaa,test,test,wormguides/models/obj_files/ABalpaapaa,1,400,
ABplpappaa,ABplpappaa,test,test,wormguides/models/obj_files/ABplpappaa,1,400,
ABplpappap,ABplpappap,test,test,wormguides/models/obj_files/ABplpappap,1,400,
Cpaapa,Cpaapa,test,test,wormguides/models/obj_files/Cpaapa,1,400,
Cpaapp,Cpaapp,test,test,wormguides/models/obj_files/Cpaapp,1,400,
ABalppppap,ABalppppap,test,test,wormguides/models/obj_files/ABalppppap,1,400,
ABalppppaa,ABalppppaa,test,test,wormguides/models/obj_files/ABalppppaa,1,400,
ABplppppap,ABplppppap,test,test,wormguides/models/obj_files/ABplppppap,1,400,
ABplppppaa,ABplppppaa,test,test,wormguides/models/obj_files/ABplppppaa,1,400,
ABplaapppa,ABplaapppa,test,test,wormguides/models/obj_files/ABplaapppa,1,400,
ABplaapppp,ABplaapppp,test,test,wormguides/models/obj_files/ABplaapppp,1,400,
ABpraapppp,ABpraapppp,test,test,wormguides/models/obj_files/ABpraapppp,1,400,
ABpraapppa,ABpraapppa,test,test,wormguides/models/obj_files/ABpraapppa,1,400,
ABalppappp,ABalppappp,test,test,wormguides/models/obj_files/ABalppappp,1,400,
ABalppappa,ABalppappa,test,test,wormguides/models/obj_files/ABalppappa,1,400,
ABarapapap,ABarapapap,test,test,wormguides/models/obj_files/ABarapapap,1,400,
ABarapapaa,ABarapapaa,test,test,wormguides/models/obj_files/ABarapapaa,1,400,
ABalappppa,ABalappppa,test,test,wormguides/models/obj_files/ABalappppa,1,400,
ABalappppp,ABalappppp,test,test,wormguides/models/obj_files/ABalappppp,1,400,
ABprppppap,ABprppppap,test,test,wormguides/models/obj_files/ABprppppap,1,400,
ABprppppaa,ABprppppaa,test,test,wormguides/models/obj_files/ABprppppaa,1,400,
Caaapa,Caaapa,test,test,wormguides/models/obj_files/Caaapa,1,400,
Caaapp,Caaapp,test,test,wormguides/models/obj_files/Caaapp,1,400,
Cpaaaa,Cpaaaa,test,test,wormguides/models/obj_files/Cpaaaa,1,400,
Cpaaap,Cpaaap,test,test,wormguides/models/obj_files/Cpaaap,1,400,
ABaraapppa,ABaraapppa,test,test,wormguides/models/obj_files/ABaraapppa,1,400,
ABaraapppp,ABaraapppp,test,test,wormguides/models/obj_files/ABaraapppp,1,400,
ABaraaapaa,ABaraaapaa,test,test,wormguides/models/obj_files/ABaraaapaa,1,400,
ABaraaapap,ABaraaapap,test,test,wormguides/models/obj_files/ABaraaapap,1,400,
ABalapappp,ABalapappp,test,test,wormguides/models/obj_files/ABalapappp,1,400,
ABalapappa,ABalapappa,test,test,wormguides/models/obj_files/ABalapappa,1,400,
ABplpppaap,ABplpppaap,test,test,wormguides/models/obj_files/ABplpppaap,1,400,
ABplpppaaa,ABplpppaaa,test,test,wormguides/models/obj_files/ABplpppaaa,1,400,
ABprpappap,ABprpappap,test,test,wormguides/models/obj_files/ABprpappap,1,400,
ABprpappaa,ABprpappaa,test,test,wormguides/models/obj_files/ABprpappaa,1,400,
ABpraaappa,ABpraaappa,test,test,wormguides/models/obj_files/ABpraaappa,1,400,
ABpraaappp,ABpraaappp,test,test,wormguides/models/obj_files/ABpraaappp,1,400,
ABprapappa,ABprapappa,test,test,wormguides/models/obj_files/ABprapappa,1,400,
ABprapappp,ABprapappp,test,test,wormguides/models/obj_files/ABprapappp,1,400,
Caaaaa,Caaaaa,test,test,wormguides/models/obj_files/Caaaaa,1,400,
Caaaap,Caaaap,test,test,wormguides/models/obj_files/Caaaap,1,400,
ABalppapap,ABalppapap,test,test,wormguides/models/obj_files/ABalppapap,1,400,
ABalppapaa,ABalppapaa,test,test,wormguides/models/obj_files/ABalppapaa,1,400,
ABaraapapp,ABaraapapp,test,test,wormguides/models/obj_files/ABaraapapp,1,400,
ABaraapapa,ABaraapapa,test,test,wormguides/models/obj_files/ABaraapapa,1,400,
ABalapppaa,ABalapppaa,test,test,wormguides/models/obj_files/ABalapppaa,1,400,
ABalapppap,ABalapppap,test,test,wormguides/models/obj_files/ABalapppap,1,400,
ABplapappp,ABplapappp,test,test,wormguides/models/obj_files/ABplapappp,1,400,
ABplapappa,ABplapappa,test,test,wormguides/models/obj_files/ABplapappa,1,400,
ABalpppapp,ABalpppapp,test,test,wormguides/models/obj_files/ABalpppapp,1,400,
ABalpppapa,ABalpppapa,test,test,wormguides/models/obj_files/ABalpppapa,1,400,
ABalpapapa,ABalpapapa,test,test,wormguides/models/obj_files/ABalpapapa,1,400,
ABalpapapp,ABalpapapp,test,test,wormguides/models/obj_files/ABalpapapp,1,400,
ABarappppa,ABarappppa,test,test,wormguides/models/obj_files/ABarappppa,1,400,
ABarappppp,ABarappppp,test,test,wormguides/models/obj_files/ABarappppp,1,400,
ABarpapppa,ABarpapppa,test,test,wormguides/models/obj_files/ABarpapppa,1,400,
ABarpapppp,ABarpapppp,test,test,wormguides/models/obj_files/ABarpapppp,1,400,
ABarpaappp,ABarpaappp,test,test,wormguides/models/obj_files/ABarpaappp,1,400,
ABarpaappa,ABarpaappa,test,test,wormguides/models/obj_files/ABarpaappa,1,400,
ABarpaapaa,ABarpaapaa,test,test,wormguides/models/obj_files/ABarpaapaa,1,400,
ABarpaapap,ABarpaapap,test,test,wormguides/models/obj_files/ABarpaapap,1,400,
ABplpaaaap,ABplpaaaap,test,test,wormguides/models/obj_files/ABplpaaaap,1,400,
ABplpaaaaa,ABplpaaaaa,test,test,wormguides/models/obj_files/ABplpaaaaa,1,400,
ABplaappap,ABplaappap,test,test,wormguides/models/obj_files/ABplaappap,1,400,
ABplaappaa,ABplaappaa,test,test,wormguides/models/obj_files/ABplaappaa,1,400,
ABplaapaaa,ABplaapaaa,test,test,wormguides/models/obj_files/ABplaapaaa,1,400,
ABplaapaap,ABplaapaap,test,test,wormguides/models/obj_files/ABplaapaap,1,400,
ABplaapapp,ABplaapapp,test,test,wormguides/models/obj_files/ABplaapapp,1,400,
ABplaapapa,ABplaapapa,test,test,wormguides/models/obj_files/ABplaapapa,1,400,
ABplapapap,ABplapapap,test,test,wormguides/models/obj_files/ABplapapap,1,400,
ABplapapaa,ABplapapaa,test,test,wormguides/models/obj_files/ABplapapaa,1,400,
ABprpapppp,ABprpapppp,test,test,wormguides/models/obj_files/ABprpapppp,1,400,
ABprpapppa,ABprpapppa,test,test,wormguides/models/obj_files/ABprpapppa,1,400,
ABprpppppp,ABprpppppp,test,test,wormguides/models/obj_files/ABprpppppp,1,400,
ABprpppppa,ABprpppppa,test,test,wormguides/models/obj_files/ABprpppppa,1,400,
ABpraapapa,ABpraapapa,test,test,wormguides/models/obj_files/ABpraapapa,1,400,
ABpraapapp,ABpraapapp,test,test,wormguides/models/obj_files/ABpraapapp,1,400,
ABaraappaa,ABaraappaa,test,test,wormguides/models/obj_files/ABaraappaa,1,400,
ABaraappap,ABaraappap,test,test,wormguides/models/obj_files/ABaraappap,1,400,
ABarapaapa,ABarapaapa,test,test,wormguides/models/obj_files/ABarapaapa,1,400,
ABarapaapp,ABarapaapp,test,test,wormguides/models/obj_files/ABarapaapp,1,400,
ABarapppap,ABarapppap,test,test,wormguides/models/obj_files/ABarapppap,1,400,
ABarapppaa,ABarapppaa,test,test,wormguides/models/obj_files/ABarapppaa,1,400,
ABplpapppp,ABplpapppp,test,test,wormguides/models/obj_files/ABplpapppp,1,400,
ABplpapppa,ABplpapppa,test,test,wormguides/models/obj_files/ABplpapppa,1,400,
ABprpaaaaa,ABprpaaaaa,test,test,wormguides/models/obj_files/ABprpaaaaa,1,400,
ABprpaaaap,ABprpaaaap,test,test,wormguides/models/obj_files/ABprpaaaap,1,400,
ABpraapaaa,ABpraapaaa,test,test,wormguides/models/obj_files/ABpraapaaa,1,400,
ABpraapaap,ABpraapaap,test,test,wormguides/models/obj_files/ABpraapaap,1,400,
ABprapapap,ABprapapap,test,test,wormguides/models/obj_files/ABprapapap,1,400,
ABprapapaa,ABprapapaa,test,test,wormguides/models/obj_files/ABprapapaa,1,400,
ABalpapaap,ABalpapaap,test,test,wormguides/models/obj_files/ABalpapaap,1,400,
ABalpapaaa,ABalpapaaa,test,test,wormguides/models/obj_files/ABalpapaaa,1,400,
ABalpaappp,ABalpaappp,test,test,wormguides/models/obj_files/ABalpaappp,1,400,
ABalpaappa,ABalpaappa,test,test,wormguides/models/obj_files/ABalpaappa,1,400,
ABplpppapp,ABplpppapp,test,test,wormguides/models/obj_files/ABplpppapp,1,400,
ABplpppapa,ABplpppapa,test,test,wormguides/models/obj_files/ABplpppapa,1,400,
ABplpaaapa,ABplpaaapa,test,test,wormguides/models/obj_files/ABplpaaapa,1,400,
ABplpaaapp,ABplpaaapp,test,test,wormguides/models/obj_files/ABplpaaapp,1,400,
ABprpaapaa,ABprpaapaa,test,test,wormguides/models/obj_files/ABprpaapaa,1,400,
ABprpaapap,ABprpaapap,test,test,wormguides/models/obj_files/ABprpaapap,1,400,
ABprpaappp,ABprpaappp,test,test,wormguides/models/obj_files/ABprpaappp,1,400,
ABprpaappa,ABprpaappa,test,test,wormguides/models/obj_files/ABprpaappa,1,400,
MSpapaaa,MSpapaaa,test,test,wormguides/models/obj_files/MSpapaaa,1,400,
MSpapaap,MSpapaap,test,test,wormguides/models/obj_files/MSpapaap,1,400,
Cpappd,Cpappd,test,test,wormguides/models/obj_files/Cpappd,1,400,
Cpappv,Cpappv,test,test,wormguides/models/obj_files/Cpappv,1,400,
ABaraapaaa,ABaraapaaa,test,test,wormguides/models/obj_files/ABaraapaaa,1,400,
ABaraapaap,ABaraapaap,test,test,wormguides/models/obj_files/ABaraapaap,1,400,
ABalapaapa,ABalapaapa,test,test,wormguides/models/obj_files/ABalapaapa,1,400,
ABalapaapp,ABalapaapp,test,test,wormguides/models/obj_files/ABalapaapp,1,400,
ABplpppppp,ABplpppppp,test,test,wormguides/models/obj_files/ABplpppppp,1,400,
ABplpppppa,ABplpppppa,test,test,wormguides/models/obj_files/ABplpppppa,1,400,
ABplpapapp,ABplpapapp,test,test,wormguides/models/obj_files/ABplpapapp,1,400,
ABplpapapa,ABplpapapa,test,test,wormguides/models/obj_files/ABplpapapa,1,400,
ABplpaappa,ABplpaappa,test,test,wormguides/models/obj_files/ABplpaappa,1,400,
ABplpaappp,ABplpaappp,test,test,wormguides/models/obj_files/ABplpaappp,1,400,
ABplappapp,ABplappapp,test,test,wormguides/models/obj_files/ABplappapp,1,400,
ABplappapa,ABplappapa,test,test,wormguides/models/obj_files/ABplappapa,1,400,
ABprpapapp,ABprpapapp,test,test,wormguides/models/obj_files/ABprpapapp,1,400,
ABprpapapa,ABprpapapa,test,test,wormguides/models/obj_files/ABprpapapa,1,400,
ABprpaaapp,ABprpaaapp,test,test,wormguides/models/obj_files/ABprpaaapp,1,400,
ABprpaaapa,ABprpaaapa,test,test,wormguides/models/obj_files/ABprpaaapa,1,400,
ABprpppapa,ABprpppapa,test,test,wormguides/models/obj_files/ABprpppapa,1,400,
ABprpppapp,ABprpppapp,test,test,wormguides/models/obj_files/ABprpppapp,1,400,
MSpaaapp,MSpaaapp,test,test,wormguides/models/obj_files/MSpaaapp,1,400,
MSpaaapa,MSpaaapa,test,test,wormguides/models/obj_files/MSpaaapa,1,400,
MSaaaaap,MSaaaaap,test,test,wormguides/models/obj_files/MSaaaaap,1,400,
MSaaaaaa,MSaaaaaa,test,test,wormguides/models/obj_files/MSaaaaaa,1,400,
ABarappapa,ABarappapa,test,test,wormguides/models/obj_files/ABarappapa,1,400,
ABarappapp,ABarappapp,test,test,wormguides/models/obj_files/ABarappapp,1,400,
ABarpapapp,ABarpapapp,test,test,wormguides/models/obj_files/ABarpapapp,1,400,
ABarpapapa,ABarpapapa,test,test,wormguides/models/obj_files/ABarpapapa,1,400,
ABplppapaa,ABplppapaa,test,test,wormguides/models/obj_files/ABplppapaa,1,400,
ABplppapap,ABplppapap,test,test,wormguides/models/obj_files/ABplppapap,1,400,
ABplaaappp,ABplaaappp,test,test,wormguides/models/obj_files/ABplaaappp,1,400,
ABplaaappa,ABplaaappa,test,test,wormguides/models/obj_files/ABplaaappa,1,400,
ABplappaaa,ABplappaaa,test,test,wormguides/models/obj_files/ABplappaaa,1,400,
ABplappaap,ABplappaap,test,test,wormguides/models/obj_files/ABplappaap,1,400,
ABplapaaaa,ABplapaaaa,test,test,wormguides/models/obj_files/ABplapaaaa,1,400,
ABplapaaap,ABplapaaap,test,test,wormguides/models/obj_files/ABplapaaap,1,400,
MSpaaaap,MSpaaaap,test,test,wormguides/models/obj_files/MSpaaaap,1,400,
MSpaaaaa,MSpaaaaa,test,test,wormguides/models/obj_files/MSpaaaaa,1,400,
MSaaapap,MSaaapap,test,test,wormguides/models/obj_files/MSaaapap,1,400,
MSaaapaa,MSaaapaa,test,test,wormguides/models/obj_files/MSaaapaa,1,400,
MSaapaaa,MSaapaaa,test,test,wormguides/models/obj_files/MSaapaaa,1,400,
MSaapaap,MSaapaap,test,test,wormguides/models/obj_files/MSaapaap,1,400,
ABalapaaaa,ABalapaaaa,test,test,wormguides/models/obj_files/ABalapaaaa,1,400,
ABalapaaap,ABalapaaap,test,test,wormguides/models/obj_files/ABalapaaap,1,400,
ABalaaapar,ABalaaapar,test,test,wormguides/models/obj_files/ABalaaapar,1,400,
ABalaaapal,ABalaaapal,test,test,wormguides/models/obj_files/ABalaaapal,1,400,
ABplppappp,ABplppappp,test,test,wormguides/models/obj_files/ABplppappp,1,400,
ABplppappa,ABplppappa,test,test,wormguides/models/obj_files/ABplppappa,1,400,
ABplpapaap,ABplpapaap,test,test,wormguides/models/obj_files/ABplpapaap,1,400,
ABplpapaaa,ABplpapaaa,test,test,wormguides/models/obj_files/ABplpapaaa,1,400,
ABplpaapaa,ABplpaapaa,test,test,wormguides/models/obj_files/ABplpaapaa,1,400,
ABplpaapap,ABplpaapap,test,test,wormguides/models/obj_files/ABplpaapap,1,400,
ABprpapaaa,ABprpapaaa,test,test,wormguides/models/obj_files/ABprpapaaa,1,400,
ABprpapaap,ABprpapaap,test,test,wormguides/models/obj_files/ABprpapaap,1,400,
MSpapapp,MSpapapp,test,test,wormguides/models/obj_files/MSpapapp,1,400,
MSpapapa,MSpapapa,test,test,wormguides/models/obj_files/MSpapapa,1,400,
ABaraaappa,ABaraaappa,test,test,wormguides/models/obj_files/ABaraaappa,1,400,
ABaraaappp,ABaraaappp,test,test,wormguides/models/obj_files/ABaraaappp,1,400,
ABarpapaaa,ABarpapaaa,test,test,wormguides/models/obj_files/ABarpapaaa,1,400,
ABarpapaap,ABarpapaap,test,test,wormguides/models/obj_files/ABarpapaap,1,400,
ABarpppapp,ABarpppapp,test,test,wormguides/models/obj_files/ABarpppapp,1,400,
ABarpppapa,ABarpppapa,test,test,wormguides/models/obj_files/ABarpppapa,1,400,
ABalaapppp,ABalaapppp,test,test,wormguides/models/obj_files/ABalaapppp,1,400,
ABalaapppa,ABalaapppa,test,test,wormguides/models/obj_files/ABalaapppa,1,400,
ABplppaapp,ABplppaapp,test,test,wormguides/models/obj_files/ABplppaapp,1,400,
ABplppaaaa,ABplppaaaa,test,test,wormguides/models/obj_files/ABplppaaaa,1,400,
ABplppaaap,ABplppaaap,test,test,wormguides/models/obj_files/ABplppaaap,1,400,
ABprpppaap,ABprpppaap,test,test,wormguides/models/obj_files/ABprpppaap,1,400,
ABprpppaaa,ABprpppaaa,test,test,wormguides/models/obj_files/ABprpppaaa,1,400,
ABpraappap,ABpraappap,test,test,wormguides/models/obj_files/ABpraappap,1,400,
ABpraappaa,ABpraappaa,test,test,wormguides/models/obj_files/ABpraappaa,1,400,
ABprappapp,ABprappapp,test,test,wormguides/models/obj_files/ABprappapp,1,400,
ABprappapa,ABprappapa,test,test,wormguides/models/obj_files/ABprappapa,1,400,
ABprapaaap,ABprapaaap,test,test,wormguides/models/obj_files/ABprapaaap,1,400,
ABprapaaaa,ABprapaaaa,test,test,wormguides/models/obj_files/ABprapaaaa,1,400,
ABalpppaaa,ABalpppaaa,test,test,wormguides/models/obj_files/ABalpppaaa,1,400,
ABalpppaap,ABalpppaap,test,test,wormguides/models/obj_files/ABalpppaap,1,400,
ABplppaapa,ABplppaapa,test,test,wormguides/models/obj_files/ABplppaapa,1,400,
ABarappaaa,ABarappaaa,test,test,wormguides/models/obj_files/ABarappaaa,1,400,
ABarappaap,ABarappaap,test,test,wormguides/models/obj_files/ABarappaap,1,400,
ABalapapaa,ABalapapaa,test,test,wormguides/models/obj_files/ABalapapaa,1,400,
ABalapapap,ABalapapap,test,test,wormguides/models/obj_files/ABalapapap,1,400,
ABalaappap,ABalaappap,test,test,wormguides/models/obj_files/ABalaappap,1,400,
ABalaappaa,ABalaappaa,test,test,wormguides/models/obj_files/ABalaappaa,1,400,
ABplaaaapp,ABplaaaapp,test,test,wormguides/models/obj_files/ABplaaaapp,1,400,
ABplaaaapa,ABplaaaapa,test,test,wormguides/models/obj_files/ABplaaaapa,1,400,
ABprppapaa,ABprppapaa,test,test,wormguides/models/obj_files/ABprppapaa,1,400,
ABprppapap,ABprppapap,test,test,wormguides/models/obj_files/ABprppapap,1,400,
ABpraaaapa,ABpraaaapa,test,test,wormguides/models/obj_files/ABpraaaapa,1,400,
ABpraaaapp,ABpraaaapp,test,test,wormguides/models/obj_files/ABpraaaapp,1,400,
ABprappaap,ABprappaap,test,test,wormguides/models/obj_files/ABprappaap,1,400,
ABprappaaa,ABprappaaa,test,test,wormguides/models/obj_files/ABprappaaa,1,400,
Cpapaa,Cpapaa,test,test,wormguides/models/obj_files/Cpapaa,1,400,
Cpapap,Cpapap,test,test,wormguides/models/obj_files/Cpapap,1,400,
ABalappapa,ABalappapa,test,test,wormguides/models/obj_files/ABalappapa,1,400,
ABalappapp,ABalappapp,test,test,wormguides/models/obj_files/ABalappapp,1,400,
ABalaaappl,ABalaaappl,test,test,wormguides/models/obj_files/ABalaaappl,1,400,
ABalaaappr,ABalaaappr,test,test,wormguides/models/obj_files/ABalaaappr,1,400,
ABarapaaap,ABarapaaap,test,test,wormguides/models/obj_files/ABarapaaap,1,400,
ABarapaaaa,ABarapaaaa,test,test,wormguides/models/obj_files/ABarapaaaa,1,400,
ABplapaapp,ABplapaapp,test,test,wormguides/models/obj_files/ABplapaapp,1,400,
ABplapaapa,ABplapaapa,test,test,wormguides/models/obj_files/ABplapaapa,1,400,
ABpraaapap,ABpraaapap,test,test,wormguides/models/obj_files/ABpraaapap,1,400,
ABpraaapaa,ABpraaapaa,test,test,wormguides/models/obj_files/ABpraaapaa,1,400,
ABprapaapp,ABprapaapp,test,test,wormguides/models/obj_files/ABprapaapp,1,400,
ABprapaapa,ABprapaapa,test,test,wormguides/models/obj_files/ABprapaapa,1,400,
ABalaaaalp,ABalaaaalp,test,test,wormguides/models/obj_files/ABalaaaalp,1,400,
ABplaaaaap,ABplaaaaap,test,test,wormguides/models/obj_files/ABplaaaaap,1,400,
ABplaaaaaa,ABplaaaaaa,test,test,wormguides/models/obj_files/ABplaaaaaa,1,400,
ABprppappp,ABprppappp,test,test,wormguides/models/obj_files/ABprppappp,1,400,
ABprppappa,ABprppappa,test,test,wormguides/models/obj_files/ABprppappa,1,400,
MSpaapap,MSpaapap,test,test,wormguides/models/obj_files/MSpaapap,1,400,
MSpaapaa,MSpaapaa,test,test,wormguides/models/obj_files/MSpaapaa,1,400,
MSaaaapa,MSaaaapa,test,test,wormguides/models/obj_files/MSaaaapa,1,400,
MSaaaapp,MSaaaapp,test,test,wormguides/models/obj_files/MSaaaapp,1,400,
ABalaaaala,ABalaaaala,test,test,wormguides/models/obj_files/ABalaaaala,1,400,
ABarpappap,ABarpappap,test,test,wormguides/models/obj_files/ABarpappap,1,400,
ABprppaapa,ABprppaapa,test,test,wormguides/models/obj_files/ABprppaapa,1,400,
ABprppaapp,ABprppaapp,test,test,wormguides/models/obj_files/ABprppaapp,1,400,
ABalppaaaa,ABalppaaaa,test,test,wormguides/models/obj_files/ABalppaaaa,1,400,
ABalppaaap,ABalppaaap,test,test,wormguides/models/obj_files/ABalppaaap,1,400,
ABalppaapp,ABalppaapp,test,test,wormguides/models/obj_files/ABalppaapp,1,400,
ABalppaapa,ABalppaapa,test,test,wormguides/models/obj_files/ABalppaapa,1,400,
ABalpaaapp,ABalpaaapp,test,test,wormguides/models/obj_files/ABalpaaapp,1,400,
ABalpaaapa,ABalpaaapa,test,test,wormguides/models/obj_files/ABalpaaapa,1,400,
Ealap,Ealap,test,test,wormguides/models/obj_files/Ealap,1,400,
Ealaa,Ealaa,test,test,wormguides/models/obj_files/Ealaa,1,400,
ABarpappaa,ABarpappaa,test,test,wormguides/models/obj_files/ABarpappaa,1,400,
ABarppaapp,ABarppaapp,test,test,wormguides/models/obj_files/ABarppaapp,1,400,
ABarppaapa,ABarppaapa,test,test,wormguides/models/obj_files/ABarppaapa,1,400,
ABalaaaarr,ABalaaaarr,test,test,wormguides/models/obj_files/ABalaaaarr,1,400,
ABalaaaarl,ABalaaaarl,test,test,wormguides/models/obj_files/ABalaaaarl,1,400,
ABplaaapap,ABplaaapap,test,test,wormguides/models/obj_files/ABplaaapap,1,400,
ABplaaapaa,ABplaaapaa,test,test,wormguides/models/obj_files/ABplaaapaa,1,400,
MSaapapp,MSaapapp,test,test,wormguides/models/obj_files/MSaapapp,1,400,
MSaapapa,MSaapapa,test,test,wormguides/models/obj_files/MSaapapa,1,400,
ABarppappa,ABarppappa,test,test,wormguides/models/obj_files/ABarppappa,1,400,
ABarppappp,ABarppappp,test,test,wormguides/models/obj_files/ABarppappp,1,400,
ABpraaaaap,ABpraaaaap,test,test,wormguides/models/obj_files/ABpraaaaap,1,400,
ABpraaaaaa,ABpraaaaaa,test,test,wormguides/models/obj_files/ABpraaaaaa,1,400,
ABprappppp,ABprappppp,test,test,wormguides/models/obj_files/ABprappppp,1,400,
ABprappppa,ABprappppa,test,test,wormguides/models/obj_files/ABprappppa,1,400,
Caappd,Caappd,test,test,wormguides/models/obj_files/Caappd,1,400,
Cpppaa,Cpppaa,test,test,wormguides/models/obj_files/Cpppaa,1,400,
Cpppap,Cpppap,test,test,wormguides/models/obj_files/Cpppap,1,400,
ABalpaaaap,ABalpaaaap,test,test,wormguides/models/obj_files/ABalpaaaap,1,400,
ABalpaaaaa,ABalpaaaaa,test,test,wormguides/models/obj_files/ABalpaaaaa,1,400,
Caappv,Caappv,test,test,wormguides/models/obj_files/Caappv,1,400,
ABaraaaaaa,ABaraaaaaa,test,test,wormguides/models/obj_files/ABaraaaaaa,1,400,
ABaraaaaap,ABaraaaaap,test,test,wormguides/models/obj_files/ABaraaaaap,1,400,
ABarppapap,ABarppapap,test,test,wormguides/models/obj_files/ABarppapap,1,400,
ABarppapaa,ABarppapaa,test,test,wormguides/models/obj_files/ABarppapaa,1,400,
ABarppppaa,ABarppppaa,test,test,wormguides/models/obj_files/ABarppppaa,1,400,
ABarppppap,ABarppppap,test,test,wormguides/models/obj_files/ABarppppap,1,400,
ABarpppaap,ABarpppaap,test,test,wormguides/models/obj_files/ABarpppaap,1,400,
ABarpppaaa,ABarpppaaa,test,test,wormguides/models/obj_files/ABarpppaaa,1,400,
ABalappaap,ABalappaap,test,test,wormguides/models/obj_files/ABalappaap,1,400,
ABalaapapp,ABalaapapp,test,test,wormguides/models/obj_files/ABalaapapp,1,400,
ABalaapapa,ABalaapapa,test,test,wormguides/models/obj_files/ABalaapapa,1,400,
ABplappppa,ABplappppa,test,test,wormguides/models/obj_files/ABplappppa,1,400,
ABplappppp,ABplappppp,test,test,wormguides/models/obj_files/ABplappppp,1,400,
Ealpa,Ealpa,test,test,wormguides/models/obj_files/Ealpa,1,400,
Ealpp,Ealpp,test,test,wormguides/models/obj_files/Ealpp,1,400,
ABalappaaa,ABalappaaa,test,test,wormguides/models/obj_files/ABalappaaa,1,400,
ABarpppppp,ABarpppppp,test,test,wormguides/models/obj_files/ABarpppppp,1,400,
ABarpppppa,ABarpppppa,test,test,wormguides/models/obj_files/ABarpppppa,1,400,
ABalaapaaa,ABalaapaaa,test,test,wormguides/models/obj_files/ABalaapaaa,1,400,
ABalaapaap,ABalaapaap,test,test,wormguides/models/obj_files/ABalaapaap,1,400,
ABplapppaa,ABplapppaa,test,test,wormguides/models/obj_files/ABplapppaa,1,400,
ABplapppap,ABplapppap,test,test,wormguides/models/obj_files/ABplapppap,1,400,
ABprppaaaa,ABprppaaaa,test,test,wormguides/models/obj_files/ABprppaaaa,1,400,
ABprppaaap,ABprppaaap,test,test,wormguides/models/obj_files/ABprppaaap,1,400,
Eplaa,Eplaa,test,test,wormguides/models/obj_files/Eplaa,1,400,
Eplap,Eplap,test,test,wormguides/models/obj_files/Eplap,1,400,
ABarpaaapp,ABarpaaapp,test,test,wormguides/models/obj_files/ABarpaaapp,1,400,
ABarpaaapa,ABarpaaapa,test,test,wormguides/models/obj_files/ABarpaaapa,1,400,
ABarppaaap,ABarppaaap,test,test,wormguides/models/obj_files/ABarppaaap,1,400,
ABarppaaaa,ABarppaaaa,test,test,wormguides/models/obj_files/ABarppaaaa,1,400,
ABprapppaa,ABprapppaa,test,test,wormguides/models/obj_files/ABprapppaa,1,400,
ABprapppap,ABprapppap,test,test,wormguides/models/obj_files/ABprapppap,1,400,
Cppaap,Cppaap,test,test,wormguides/models/obj_files/Cppaap,1,400,
Cppaaa,Cppaaa,test,test,wormguides/models/obj_files/Cppaaa,1,400,
Cppppa,Cppppa,test,test,wormguides/models/obj_files/Cppppa,1,400,
Cppppp,Cppppp,test,test,wormguides/models/obj_files/Cppppp,1,400,
MSppaaaa,MSppaaaa,test,test,wormguides/models/obj_files/MSppaaaa,1,400,
MSppaaap,MSppaaap,test,test,wormguides/models/obj_files/MSppaaap,1,400,
Earap,Earap,test,test,wormguides/models/obj_files/Earap,1,400,
Cappap,Cappap,test,test,wormguides/models/obj_files/Cappap,1,400,
Cappaa,Cappaa,test,test,wormguides/models/obj_files/Cappaa,1,400,
Earaa,Earaa,test,test,wormguides/models/obj_files/Earaa,1,400,
ABaraaaapp,ABaraaaapp,test,test,wormguides/models/obj_files/ABaraaaapp,1,400,
ABaraaaapa,ABaraaaapa,test,test,wormguides/models/obj_files/ABaraaaapa,1,400,
ABarpaaaaa,ABarpaaaaa,test,test,wormguides/models/obj_files/ABarpaaaaa,1,400,
ABarpaaaap,ABarpaaaap,test,test,wormguides/models/obj_files/ABarpaaaap,1,400,
MSppapaa,MSppapaa,test,test,wormguides/models/obj_files/MSppapaa,1,400,
MSppapap,MSppapap,test,test,wormguides/models/obj_files/MSppapap,1,400,
MSapapap,MSapapap,test,test,wormguides/models/obj_files/MSapapap,1,400,
MSapapaa,MSapapaa,test,test,wormguides/models/obj_files/MSapapaa,1,400,
Cppapa,Cppapa,test,test,wormguides/models/obj_files/Cppapa,1,400,
Cppapp,Cppapp,test,test,wormguides/models/obj_files/Cppapp,1,400,
Earpp,Earpp,test,test,wormguides/models/obj_files/Earpp,1,400,
Earpa,Earpa,test,test,wormguides/models/obj_files/Earpa,1,400,
MSapaaaa,MSapaaaa,test,test,wormguides/models/obj_files/MSapaaaa,1,400,
MSapaaap,MSapaaap,test,test,wormguides/models/obj_files/MSapaaap,1,400,
Epraa,Epraa,test,test,wormguides/models/obj_files/Epraa,1,400,
Eprap,Eprap,test,test,wormguides/models/obj_files/Eprap,1,400,
MSapappa,MSapappa,test,test,wormguides/models/obj_files/MSapappa,1,400,
MSapappp,MSapappp,test,test,wormguides/models/obj_files/MSapappp,1,400,
Eplpa,Eplpa,test,test,wormguides/models/obj_files/Eplpa,1,400,
Eplpp,Eplpp,test,test,wormguides/models/obj_files/Eplpp,1,400,
MSppappa,MSppappa,test,test,wormguides/models/obj_files/MSppappa,1,400,
MSppappp,MSppappp,test,test,wormguides/models/obj_files/MSppappp,1,400,
Capppa,Capppa,test,test,wormguides/models/obj_files/Capppa,1,400,
Capppp,Capppp,test,test,wormguides/models/obj_files/Capppp,1,400,
Eprpp,Eprpp,test,test,wormguides/models/obj_files/Eprpp,1,400,
Eprpa,Eprpa,test,test,wormguides/models/obj_files/Eprpa,1,400,
Capaap,Capaap,test,test,wormguides/models/obj_files/Capaap,1,400,
Capaaa,Capaaa,test,test,wormguides/models/obj_files/Capaaa,1,400,
Capapa,Capapa,test,test,wormguides/models/obj_files/Capapa,1,400,
Capapp,Capapp,test,test,wormguides/models/obj_files/Capapp,1,400,
MSpapppp,MSpapppp,test,test,wormguides/models/obj_files/MSpapppp,1,400,
MSpapppa,MSpapppa,test,test,wormguides/models/obj_files/MSpapppa,1,400,
MSapppaa,MSapppaa,test,test,wormguides/models/obj_files/MSapppaa,1,400,
MSapppap,MSapppap,test,test,wormguides/models/obj_files/MSapppap,1,400,
MSaaappa,MSaaappa,test,test,wormguides/models/obj_files/MSaaappa,1,400,
MSaaappp,MSaaappp,test,test,wormguides/models/obj_files/MSaaappp,1,400,
ABalpappppp,ABalpappppp,test,test,wormguides/models/obj_files/ABalpappppp,1,400,
ABalpappppa,ABalpappppa,test,test,wormguides/models/obj_files/ABalpappppa,1,400,
MSppppap,MSppppap,test,test,wormguides/models/obj_files/MSppppap,1,400,
MSppppaa,MSppppaa,test,test,wormguides/models/obj_files/MSppppaa,1,400,
MSpppaaa,MSpppaaa,test,test,wormguides/models/obj_files/MSpppaaa,1,400,
MSpppaap,MSpppaap,test,test,wormguides/models/obj_files/MSpppaap,1,400,
ABalppppppa,ABalppppppa,test,test,wormguides/models/obj_files/ABalppppppa,1,400,
ABalppppppp,ABalppppppp,test,test,wormguides/models/obj_files/ABalppppppp,1,400,
ABalpaapapp,ABalpaapapp,test,test,wormguides/models/obj_files/ABalpaapapp,1,400,
ABalpaapapa,ABalpaapapa,test,test,wormguides/models/obj_files/ABalpaapapa,1,400,
MSppaapp,MSppaapp,test,test,wormguides/models/obj_files/MSppaapp,1,400,
MSppaapa,MSppaapa,test,test,wormguides/models/obj_files/MSppaapa,1,400,
Dpppp,Dpppp,test,test,wormguides/models/obj_files/Dpppp,1,400,
Dpppa,Dpppa,test,test,wormguides/models/obj_files/Dpppa,1,400,
ABarapapppp,ABarapapppp,test,test,wormguides/models/obj_files/ABarapapppp,1,400,
ABarapapppa,ABarapapppa,test,test,wormguides/models/obj_files/ABarapapppa,1,400,
MSaapppp,MSaapppp,test,test,wormguides/models/obj_files/MSaapppp,1,400,
MSaapppa,MSaapppa,test,test,wormguides/models/obj_files/MSaapppa,1,400,
MSpppppa,MSpppppa,test,test,wormguides/models/obj_files/MSpppppa,1,400,
MSpppppp,MSpppppp,test,test,wormguides/models/obj_files/MSpppppp,1,400,
Dappa,Dappa,test,test,wormguides/models/obj_files/Dappa,1,400,
Dappp,Dappp,test,test,wormguides/models/obj_files/Dappp,1,400,
ABplpappaaa,ABplpappaaa,test,test,wormguides/models/obj_files/ABplpappaaa,1,400,
ABplpappaap,ABplpappaap,test,test,wormguides/models/obj_files/ABplpappaap,1,400,
MSappppa,MSappppa,test,test,wormguides/models/obj_files/MSappppa,1,400,
MSappppp,MSappppp,test,test,wormguides/models/obj_files/MSappppp,1,400,
MSapaapp,MSapaapp,test,test,wormguides/models/obj_files/MSapaapp,1,400,
MSapaapa,MSapaapa,test,test,wormguides/models/obj_files/MSapaapa,1,400,
ABalpappapa,ABalpappapa,test,test,wormguides/models/obj_files/ABalpappapa,1,400,
ABalpappapp,ABalpappapp,test,test,wormguides/models/obj_files/ABalpappapp,1,400,
Dapap,Dapap,test,test,wormguides/models/obj_files/Dapap,1,400,
Dapaa,Dapaa,test,test,wormguides/models/obj_files/Dapaa,1,400,
MSpapaapa,MSpapaapa,test,test,wormguides/models/obj_files/MSpapaapa,1,400,
MSpapaapp,MSpapaapp,test,test,wormguides/models/obj_files/MSpapaapp,1,400,
MSappaap,MSappaap,test,test,wormguides/models/obj_files/MSappaap,1,400,
MSappaaa,MSappaaa,test,test,wormguides/models/obj_files/MSappaaa,1,400,
Daaaa,Daaaa,test,test,wormguides/models/obj_files/Daaaa,1,400,
Daaap,Daaap,test,test,wormguides/models/obj_files/Daaap,1,400,
Dppaa,Dppaa,test,test,wormguides/models/obj_files/Dppaa,1,400,
Dppap,Dppap,test,test,wormguides/models/obj_files/Dppap,1,400,
ABaraapppap,ABaraapppap,test,test,wormguides/models/obj_files/ABaraapppap,1,400,
ABaraapppaa,ABaraapppaa,test,test,wormguides/models/obj_files/ABaraapppaa,1,400,
MSpppapp,MSpppapp,test,test,wormguides/models/obj_files/MSpppapp,1,400,
MSpppapa,MSpppapa,test,test,wormguides/models/obj_files/MSpppapa,1,400,
ABpraaapppa,ABpraaapppa,test,test,wormguides/models/obj_files/ABpraaapppa,1,400,
ABpraaapppp,ABpraaapppp,test,test,wormguides/models/obj_files/ABpraaapppp,1,400,
MSpappaa,MSpappaa,test,test,wormguides/models/obj_files/MSpappaa,1,400,
MSpappap,MSpappap,test,test,wormguides/models/obj_files/MSpappap,1,400,
Daapa,Daapa,test,test,wormguides/models/obj_files/Daapa,1,400,
Daapp,Daapp,test,test,wormguides/models/obj_files/Daapp,1,400,
MSappapp,MSappapp,test,test,wormguides/models/obj_files/MSappapp,1,400,
MSappapa,MSappapa,test,test,wormguides/models/obj_files/MSappapa,1,400,
Dpaap,Dpaap,test,test,wormguides/models/obj_files/Dpaap,1,400,
Dpaaa,Dpaaa,test,test,wormguides/models/obj_files/Dpaaa,1,400,
ABaraapapap,ABaraapapap,test,test,wormguides/models/obj_files/ABaraapapap,1,400,
ABaraapapaa,ABaraapapaa,test,test,wormguides/models/obj_files/ABaraapapaa,1,400,
MSaaaaapa,MSaaaaapa,test,test,wormguides/models/obj_files/MSaaaaapa,1,400,
MSaaaaapp,MSaaaaapp,test,test,wormguides/models/obj_files/MSaaaaapp,1,400,
ABalappppaa,ABalappppaa,test,test,wormguides/models/obj_files/ABalappppaa,1,400,
ABalappppap,ABalappppap,test,test,wormguides/models/obj_files/ABalappppap,1,400,
ABplpppapaa,ABplpppapaa,test,test,wormguides/models/obj_files/ABplpppapaa,1,400,
ABprpppapaa,ABprpppapaa,test,test,wormguides/models/obj_files/ABprpppapaa,1,400,
ABprpppapap,ABprpppapap,test,test,wormguides/models/obj_files/ABprpppapap,1,400,
MSpaaappa,MSpaaappa,test,test,wormguides/models/obj_files/MSpaaappa,1,400,
MSpaaappp,MSpaaappp,test,test,wormguides/models/obj_files/MSpaaappp,1,400,
ABplpppapap,ABplpppapap,test,test,wormguides/models/obj_files/ABplpppapap,1,400,
ABaraaapapa,ABaraaapapa,test,test,wormguides/models/obj_files/ABaraaapapa,1,400,
ABaraaapapp,ABaraaapapp,test,test,wormguides/models/obj_files/ABaraaapapp,1,400,
ABarapaappp,ABarapaappp,test,test,wormguides/models/obj_files/ABarapaappp,1,400,
ABarapaappa,ABarapaappa,test,test,wormguides/models/obj_files/ABarapaappa,1,400,
ABalapappaa,ABalapappaa,test,test,wormguides/models/obj_files/ABalapappaa,1,400,
ABalapappap,ABalapappap,test,test,wormguides/models/obj_files/ABalapappap,1,400,
MSpapaaaa,MSpapaaaa,test,test,wormguides/models/obj_files/MSpapaaaa,1,400,
MSpapaaap,MSpapaaap,test,test,wormguides/models/obj_files/MSpapaaap,1,400,
ABalpppppaa,ABalpppppaa,test,test,wormguides/models/obj_files/ABalpppppaa,1,400,
ABalpppppap,ABalpppppap,test,test,wormguides/models/obj_files/ABalpppppap,1,400,
MSaappap,MSaappap,test,test,wormguides/models/obj_files/MSaappap,1,400,
MSaappaa,MSaappaa,test,test,wormguides/models/obj_files/MSaappaa,1,400,
Dpapp,Dpapp,test,test,wormguides/models/obj_files/Dpapp,1,400,
Dpapa,Dpapa,test,test,wormguides/models/obj_files/Dpapa,1,400,
ABalppapppa,ABalppapppa,test,test,wormguides/models/obj_files/ABalppapppa,1,400,
ABalppapppp,ABalppapppp,test,test,wormguides/models/obj_files/ABalppapppp,1,400,
MSaapaapp,MSaapaapp,test,test,wormguides/models/obj_files/MSaapaapp,1,400,
MSaapaapa,MSaapaapa,test,test,wormguides/models/obj_files/MSaapaapa,1,400,
MSpaaaapa,MSpaaaapa,test,test,wormguides/models/obj_files/MSpaaaapa,1,400,
MSpaaaapp,MSpaaaapp,test,test,wormguides/models/obj_files/MSpaaaapp,1,400,
MSaaapaap,MSaaapaap,test,test,wormguides/models/obj_files/MSaaapaap,1,400,
MSaaapaaa,MSaaapaaa,test,test,wormguides/models/obj_files/MSaaapaaa,1,400,
ABalapppapa,ABalapppapa,test,test,wormguides/models/obj_files/ABalapppapa,1,400,
ABalapppapp,ABalapppapp,test,test,wormguides/models/obj_files/ABalapppapp,1,400,
ABplppppapa,ABplppppapa,test,test,wormguides/models/obj_files/ABplppppapa,1,400,
ABplppppapp,ABplppppapp,test,test,wormguides/models/obj_files/ABplppppapp,1,400,
ABalpaapaap,ABalpaapaap,test,test,wormguides/models/obj_files/ABalpaapaap,1,400,
ABalpaapaaa,ABalpaapaaa,test,test,wormguides/models/obj_files/ABalpaapaaa,1,400,
ABplppppaaa,ABplppppaaa,test,test,wormguides/models/obj_files/ABplppppaaa,1,400,
ABplppppaap,ABplppppaap,test,test,wormguides/models/obj_files/ABplppppaap,1,400,
ABprppppapa,ABprppppapa,test,test,wormguides/models/obj_files/ABprppppapa,1,400,
ABprppppapp,ABprppppapp,test,test,wormguides/models/obj_files/ABprppppapp,1,400,
ABpraapappp,ABpraapappp,test,test,wormguides/models/obj_files/ABpraapappp,1,400,
ABpraapappa,ABpraapappa,test,test,wormguides/models/obj_files/ABpraapappa,1,400,
ABalpppappa,ABalpppappa,test,test,wormguides/models/obj_files/ABalpppappa,1,400,
ABalpppappp,ABalpppappp,test,test,wormguides/models/obj_files/ABalpppappp,1,400,
ABalpappaap,ABalpappaap,test,test,wormguides/models/obj_files/ABalpappaap,1,400,
ABalpappaaa,ABalpappaaa,test,test,wormguides/models/obj_files/ABalpappaaa,1,400,
ABaraappapp,ABaraappapp,test,test,wormguides/models/obj_files/ABaraappapp,1,400,
ABaraappapa,ABaraappapa,test,test,wormguides/models/obj_files/ABaraappapa,1,400,
ABaraapaapp,ABaraapaapp,test,test,wormguides/models/obj_files/ABaraapaapp,1,400,
ABaraapaapa,ABaraapaapa,test,test,wormguides/models/obj_files/ABaraapaapa,1,400,
ABarapppppa,ABarapppppa,test,test,wormguides/models/obj_files/ABarapppppa,1,400,
ABarapppppp,ABarapppppp,test,test,wormguides/models/obj_files/ABarapppppp,1,400,
ABplppaaaaa,ABplppaaaaa,test,test,wormguides/models/obj_files/ABplppaaaaa,1,400,
ABprpappapa,ABprpappapa,test,test,wormguides/models/obj_files/ABprpappapa,1,400,
ABprpappapp,ABprpappapp,test,test,wormguides/models/obj_files/ABprpappapp,1,400,
ABprpappaap,ABprpappaap,test,test,wormguides/models/obj_files/ABprpappaap,1,400,
ABprpappaaa,ABprpappaaa,test,test,wormguides/models/obj_files/ABprpappaaa,1,400,
MSpapappp,MSpapappp,test,test,wormguides/models/obj_files/MSpapappp,1,400,
MSpapappa,MSpapappa,test,test,wormguides/models/obj_files/MSpapappa,1,400,
ABplppaaaap,ABplppaaaap,test,test,wormguides/models/obj_files/ABplppaaaap,1,400,
ABplaapappp,ABplaapappp,test,test,wormguides/models/obj_files/ABplaapappp,1,400,
ABplaapappa,ABplaapappa,test,test,wormguides/models/obj_files/ABplaapappa,1,400,
MSpaapapp,MSpaapapp,test,test,wormguides/models/obj_files/MSpaapapp,1,400,
MSpaapapa,MSpaapapa,test,test,wormguides/models/obj_files/MSpaapapa,1,400,
MSaapaaap,MSaapaaap,test,test,wormguides/models/obj_files/MSaapaaap,1,400,
MSaapaaaa,MSaapaaaa,test,test,wormguides/models/obj_files/MSaapaaaa,1,400,
ABalpapaaaa,ABalpapaaaa,test,test,wormguides/models/obj_files/ABalpapaaaa,1,400,
ABalpapaaap,ABalpapaaap,test,test,wormguides/models/obj_files/ABalpapaaap,1,400,
ABarapapapp,ABarapapapp,test,test,wormguides/models/obj_files/ABarapapapp,1,400,
ABarapapapa,ABarapapapa,test,test,wormguides/models/obj_files/ABarapapapa,1,400,
ABalapaappa,ABalapaappa,test,test,wormguides/models/obj_files/ABalapaappa,1,400,
ABalapaappp,ABalapaappp,test,test,wormguides/models/obj_files/ABalapaappp,1,400,
ABplpaaaapp,ABplpaaaapp,test,test,wormguides/models/obj_files/ABplpaaaapp,1,400,
ABplpaaaapa,ABplpaaaapa,test,test,wormguides/models/obj_files/ABplpaaaapa,1,400,
MSaaapapp,MSaaapapp,test,test,wormguides/models/obj_files/MSaaapapp,1,400,
ABalppppapp,ABalppppapp,test,test,wormguides/models/obj_files/ABalppppapp,1,400,
ABalppppapa,ABalppppapa,test,test,wormguides/models/obj_files/ABalppppapa,1,400,
ABalpapapap,ABalpapapap,test,test,wormguides/models/obj_files/ABalpapapap,1,400,
ABalpapapaa,ABalpapapaa,test,test,wormguides/models/obj_files/ABalpapapaa,1,400,
MSaaapapa,MSaaapapa,test,test,wormguides/models/obj_files/MSaaapapa,1,400,
ABalapppppa,ABalapppppa,test,test,wormguides/models/obj_files/ABalapppppa,1,400,
ABalapppppp,ABalapppppp,test,test,wormguides/models/obj_files/ABalapppppp,1,400,
ABprpaaaapp,ABprpaaaapp,test,test,wormguides/models/obj_files/ABprpaaaapp,1,400,
ABprpaaaapa,ABprpaaaapa,test,test,wormguides/models/obj_files/ABprpaaaapa,1,400,
ABalppappap,ABalppappap,test,test,wormguides/models/obj_files/ABalppappap,1,400,
ABalppappaa,ABalppappaa,test,test,wormguides/models/obj_files/ABalppappaa,1,400,
ABprppppaaa,ABprppppaaa,test,test,wormguides/models/obj_files/ABprppppaaa,1,400,
ABprppppaap,ABprppppaap,test,test,wormguides/models/obj_files/ABprppppaap,1,400,
ABalppapapa,ABalppapapa,test,test,wormguides/models/obj_files/ABalppapapa,1,400,
ABalppapapp,ABalppapapp,test,test,wormguides/models/obj_files/ABalppapapp,1,400,
ABaraaapaaa,ABaraaapaaa,test,test,wormguides/models/obj_files/ABaraaapaaa,1,400,
ABaraaapaap,ABaraaapaap,test,test,wormguides/models/obj_files/ABaraaapaap,1,400,
ABarpapaapa,ABarpapaapa,test,test,wormguides/models/obj_files/ABarpapaapa,1,400,
ABarpapaapp,ABarpapaapp,test,test,wormguides/models/obj_files/ABarpapaapp,1,400,
ABalaappppp,ABalaappppp,test,test,wormguides/models/obj_files/ABalaappppp,1,400,
ABalaappppa,ABalaappppa,test,test,wormguides/models/obj_files/ABalaappppa,1,400,
ABplaapaapa,ABplaapaapa,test,test,wormguides/models/obj_files/ABplaapaapa,1,400,
ABplaapaapp,ABplaapaapp,test,test,wormguides/models/obj_files/ABplaapaapp,1,400,
ABprpapappa,ABprpapappa,test,test,wormguides/models/obj_files/ABprpapappa,1,400,
ABprpapappp,ABprpapappp,test,test,wormguides/models/obj_files/ABprpapappp,1,400,
ABprpaaappa,ABprpaaappa,test,test,wormguides/models/obj_files/ABprpaaappa,1,400,
ABprpaaappp,ABprpaaappp,test,test,wormguides/models/obj_files/ABprpaaappp,1,400,
ABprppppppp,ABprppppppp,test,test,wormguides/models/obj_files/ABprppppppp,1,400,
ABprppppppa,ABprppppppa,test,test,wormguides/models/obj_files/ABprppppppa,1,400,
MSaaaapaa,MSaaaapaa,test,test,wormguides/models/obj_files/MSaaaapaa,1,400,
MSaaaapap,MSaaaapap,test,test,wormguides/models/obj_files/MSaaaapap,1,400,
ABalppppaad,ABalppppaad,test,test,wormguides/models/obj_files/ABalppppaad,1,400,
ABalppppaav,ABalppppaav,test,test,wormguides/models/obj_files/ABalppppaav,1,400,
ABplpppaapp,ABplpppaapp,test,test,wormguides/models/obj_files/ABplpppaapp,1,400,
ABplpppaapa,ABplpppaapa,test,test,wormguides/models/obj_files/ABplpppaapa,1,400,
ABplpppaaaa,ABplpppaaaa,test,test,wormguides/models/obj_files/ABplpppaaaa,1,400,
ABplpppaaap,ABplpppaaap,test,test,wormguides/models/obj_files/ABplpppaaap,1,400,
ABplppapaap,ABplppapaap,test,test,wormguides/models/obj_files/ABplppapaap,1,400,
ABprpaapppa,ABprpaapppa,test,test,wormguides/models/obj_files/ABprpaapppa,1,400,
ABprpaapppp,ABprpaapppp,test,test,wormguides/models/obj_files/ABprpaapppp,1,400,
ABprpaappap,ABprpaappap,test,test,wormguides/models/obj_files/ABprpaappap,1,400,
ABprpaappaa,ABprpaappaa,test,test,wormguides/models/obj_files/ABprpaappaa,1,400,
ABpraapaapa,ABpraapaapa,test,test,wormguides/models/obj_files/ABpraapaapa,1,400,
ABpraapaapp,ABpraapaapp,test,test,wormguides/models/obj_files/ABpraapaapp,1,400,
ABplppapaaa,ABplppapaaa,test,test,wormguides/models/obj_files/ABplppapaaa,1,400,
ABalapaaapa,ABalapaaapa,test,test,wormguides/models/obj_files/ABalapaaapa,1,400,
ABalapaaapp,ABalapaaapp,test,test,wormguides/models/obj_files/ABalapaaapp,1,400,
ABplpaaappa,ABplpaaappa,test,test,wormguides/models/obj_files/ABplpaaappa,1,400,
ABplpaaappp,ABplpaaappp,test,test,wormguides/models/obj_files/ABplpaaappp,1,400,
ABprpappppp,ABprpappppp,test,test,wormguides/models/obj_files/ABprpappppp,1,400,
ABprpappppa,ABprpappppa,test,test,wormguides/models/obj_files/ABprpappppa,1,400,
ABprpapppaa,ABprpapppaa,test,test,wormguides/models/obj_files/ABprpapppaa,1,400,
ABprpapppap,ABprpapppap,test,test,wormguides/models/obj_files/ABprpapppap,1,400,
ABprpaaaaap,ABprpaaaaap,test,test,wormguides/models/obj_files/ABprpaaaaap,1,400,
ABprpaaaaaa,ABprpaaaaaa,test,test,wormguides/models/obj_files/ABprpaaaaaa,1,400,
MSaapappp,MSaapappp,test,test,wormguides/models/obj_files/MSaapappp,1,400,
MSaapappa,MSaapappa,test,test,wormguides/models/obj_files/MSaapappa,1,400,
ABarapapaap,ABarapapaap,test,test,wormguides/models/obj_files/ABarapapaap,1,400,
ABarapapaaa,ABarapapaaa,test,test,wormguides/models/obj_files/ABarapapaaa,1,400,
ABarappapap,ABarappapap,test,test,wormguides/models/obj_files/ABarappapap,1,400,
ABarappapaa,ABarappapaa,test,test,wormguides/models/obj_files/ABarappapaa,1,400,
ABalapapapp,ABalapapapp,test,test,wormguides/models/obj_files/ABalapapapp,1,400,
ABplpapapap,ABplpapapap,test,test,wormguides/models/obj_files/ABplpapapap,1,400,
ABplpapapaa,ABplpapapaa,test,test,wormguides/models/obj_files/ABplpapapaa,1,400,
ABplpaapppa,ABplpaapppa,test,test,wormguides/models/obj_files/ABplpaapppa,1,400,
ABplpaapppp,ABplpaapppp,test,test,wormguides/models/obj_files/ABplpaapppp,1,400,
ABprpaapapa,ABprpaapapa,test,test,wormguides/models/obj_files/ABprpaapapa,1,400,
ABprpaapapp,ABprpaapapp,test,test,wormguides/models/obj_files/ABprpaapapp,1,400,
ABalapapapa,ABalapapapa,test,test,wormguides/models/obj_files/ABalapapapa,1,400,
ABarappppap,ABarappppap,test,test,wormguides/models/obj_files/ABarappppap,1,400,
ABarappppaa,ABarappppaa,test,test,wormguides/models/obj_files/ABarappppaa,1,400,
ABalapapppp,ABalapapppp,test,test,wormguides/models/obj_files/ABalapapppp,1,400,
ABalapapppa,ABalapapppa,test,test,wormguides/models/obj_files/ABalapapppa,1,400,
ABplpapppaa,ABplpapppaa,test,test,wormguides/models/obj_files/ABplpapppaa,1,400,
ABplpapppap,ABplpapppap,test,test,wormguides/models/obj_files/ABplpapppap,1,400,
ABplpaaaaap,ABplpaaaaap,test,test,wormguides/models/obj_files/ABplpaaaaap,1,400,
ABplpaaaaaa,ABplpaaaaaa,test,test,wormguides/models/obj_files/ABplpaaaaaa,1,400,
ABplpaappap,ABplpaappap,test,test,wormguides/models/obj_files/ABplpaappap,1,400,
ABplpaappaa,ABplpaappaa,test,test,wormguides/models/obj_files/ABplpaappaa,1,400,
ABprpapapap,ABprpapapap,test,test,wormguides/models/obj_files/ABprpapapap,1,400,
ABprpapapaa,ABprpapapaa,test,test,wormguides/models/obj_files/ABprpapapaa,1,400,
ABprpaapaaa,ABprpaapaaa,test,test,wormguides/models/obj_files/ABprpaapaaa,1,400,
ABprpaapaap,ABprpaapaap,test,test,wormguides/models/obj_files/ABprpaapaap,1,400,
ABprpppaaap,ABprpppaaap,test,test,wormguides/models/obj_files/ABprpppaaap,1,400,
ABprpppaaaa,ABprpppaaaa,test,test,wormguides/models/obj_files/ABprpppaaaa,1,400,
ABprppapaaa,ABprppapaaa,test,test,wormguides/models/obj_files/ABprppapaaa,1,400,
ABprppapaap,ABprppapaap,test,test,wormguides/models/obj_files/ABprppapaap,1,400,
ABalapppaaa,ABalapppaaa,test,test,wormguides/models/obj_files/ABalapppaaa,1,400,
ABalapppaap,ABalapppaap,test,test,wormguides/models/obj_files/ABalapppaap,1,400,
ABalappappa,ABalappappa,test,test,wormguides/models/obj_files/ABalappappa,1,400,
ABalappappp,ABalappappp,test,test,wormguides/models/obj_files/ABalappappp,1,400,
ABalpppapad,ABalpppapad,test,test,wormguides/models/obj_files/ABalpppapad,1,400,
ABalpppapav,ABalpppapav,test,test,wormguides/models/obj_files/ABalpppapav,1,400,
ABalppapaaa,ABalppapaaa,test,test,wormguides/models/obj_files/ABalppapaaa,1,400,
ABalppapaap,ABalppapaap,test,test,wormguides/models/obj_files/ABalppapaap,1,400,
ABarapppapa,ABarapppapa,test,test,wormguides/models/obj_files/ABarapppapa,1,400,
ABarapppapp,ABarapppapp,test,test,wormguides/models/obj_files/ABarapppapp,1,400,
ABalaaapalr,ABalaaapalr,test,test,wormguides/models/obj_files/ABalaaapalr,1,400,
ABplpapappa,ABplpapappa,test,test,wormguides/models/obj_files/ABplpapappa,1,400,
ABplpapappp,ABplpapappp,test,test,wormguides/models/obj_files/ABplpapappp,1,400,
ABplpaapapa,ABplpaapapa,test,test,wormguides/models/obj_files/ABplpaapapa,1,400,
ABplaaaaapp,ABplaaaaapp,test,test,wormguides/models/obj_files/ABplaaaaapp,1,400,
ABplaaaaapa,ABplaaaaapa,test,test,wormguides/models/obj_files/ABplaaaaapa,1,400,
Cpppaap,Cpppaap,test,test,wormguides/models/obj_files/Cpppaap,1,400,
Cpppaaa,Cpppaaa,test,test,wormguides/models/obj_files/Cpppaaa,1,400,
ABalpaapppa,ABalpaapppa,test,test,wormguides/models/obj_files/ABalpaapppa,1,400,
ABalpaapppp,ABalpaapppp,test,test,wormguides/models/obj_files/ABalpaapppp,1,400,
ABalaaapall,ABalaaapall,test,test,wormguides/models/obj_files/ABalaaapall,1,400,
ABplpaapapp,ABplpaapapp,test,test,wormguides/models/obj_files/ABplpaapapp,1,400,
ABalaaapprr,ABalaaapprr,test,test,wormguides/models/obj_files/ABalaaapprr,1,400,
ABalaaapprl,ABalaaapprl,test,test,wormguides/models/obj_files/ABalaaapprl,1,400,
ABplapaaaap,ABplapaaaap,test,test,wormguides/models/obj_files/ABplapaaaap,1,400,
ABprpppppaa,ABprpppppaa,test,test,wormguides/models/obj_files/ABprpppppaa,1,400,
ABprpppppap,ABprpppppap,test,test,wormguides/models/obj_files/ABprpppppap,1,400,
ABpraaaappa,ABpraaaappa,test,test,wormguides/models/obj_files/ABpraaaappa,1,400,
ABpraaaappp,ABpraaaappp,test,test,wormguides/models/obj_files/ABpraaaappp,1,400,
ABalpapappa,ABalpapappa,test,test,wormguides/models/obj_files/ABalpapappa,1,400,
ABalpapappp,ABalpapappp,test,test,wormguides/models/obj_files/ABalpapappp,1,400,
ABplapaaaaa,ABplapaaaaa,test,test,wormguides/models/obj_files/ABplapaaaaa,1,400,
ABaraaapppa,ABaraaapppa,test,test,wormguides/models/obj_files/ABaraaapppa,1,400,
ABaraaapppp,ABaraaapppp,test,test,wormguides/models/obj_files/ABaraaapppp,1,400,
ABplppppppp,ABplppppppp,test,test,wormguides/models/obj_files/ABplppppppp,1,400,
ABplppppppa,ABplppppppa,test,test,wormguides/models/obj_files/ABplppppppa,1,400,
ABplpaapaap,ABplpaapaap,test,test,wormguides/models/obj_files/ABplpaapaap,1,400,
ABplpaapaaa,ABplpaapaaa,test,test,wormguides/models/obj_files/ABplpaapaaa,1,400,
ABprpppaapp,ABprpppaapp,test,test,wormguides/models/obj_files/ABprpppaapp,1,400,
ABprpppaapa,ABprpppaapa,test,test,wormguides/models/obj_files/ABprpppaapa,1,400,
ABprppaaaaa,ABprppaaaaa,test,test,wormguides/models/obj_files/ABprppaaaaa,1,400,
ABprppaaaap,ABprppaaaap,test,test,wormguides/models/obj_files/ABprppaaaap,1,400,
ABprapaaapa,ABprapaaapa,test,test,wormguides/models/obj_files/ABprapaaapa,1,400,
ABprapaaapp,ABprapaaapp,test,test,wormguides/models/obj_files/ABprapaaapp,1,400,
ABalpaappaa,ABalpaappaa,test,test,wormguides/models/obj_files/ABalpaappaa,1,400,
ABalpaappap,ABalpaappap,test,test,wormguides/models/obj_files/ABalpaappap,1,400,
ABaraappppp,ABaraappppp,test,test,wormguides/models/obj_files/ABaraappppp,1,400,
ABarapppaaa,ABarapppaaa,test,test,wormguides/models/obj_files/ABarapppaaa,1,400,
ABarapppaap,ABarapppaap,test,test,wormguides/models/obj_files/ABarapppaap,1,400,
ABplppaappa,ABplppaappa,test,test,wormguides/models/obj_files/ABplppaappa,1,400,
ABplppaappp,ABplppaappp,test,test,wormguides/models/obj_files/ABplppaappp,1,400,
ABpraaappaa,ABpraaappaa,test,test,wormguides/models/obj_files/ABpraaappaa,1,400,
ABpraaappap,ABpraaappap,test,test,wormguides/models/obj_files/ABpraaappap,1,400,
ABaraappppa,ABaraappppa,test,test,wormguides/models/obj_files/ABaraappppa,1,400,
MSaaaappp,MSaaaappp,test,test,wormguides/models/obj_files/MSaaaappp,1,400,
MSaaaappa,MSaaaappa,test,test,wormguides/models/obj_files/MSaaaappa,1,400,
ABarappappp,ABarappappp,test,test,wormguides/models/obj_files/ABarappappp,1,400,
ABarappappa,ABarappappa,test,test,wormguides/models/obj_files/ABarappappa,1,400,
ABplpappppp,ABplpappppp,test,test,wormguides/models/obj_files/ABplpappppp,1,400,
ABplpappppa,ABplpappppa,test,test,wormguides/models/obj_files/ABplpappppa,1,400,
ABplpapaaap,ABplpapaaap,test,test,wormguides/models/obj_files/ABplpapaaap,1,400,
ABplpapaaaa,ABplpapaaaa,test,test,wormguides/models/obj_files/ABplpapaaaa,1,400,
ABplapaaapp,ABplapaaapp,test,test,wormguides/models/obj_files/ABplapaaapp,1,400,
ABplapaaapa,ABplapaaapa,test,test,wormguides/models/obj_files/ABplapaaapa,1,400,
Caapaa,Caapaa,test,test,wormguides/models/obj_files/Caapaa,1,400,
Caapap,Caapap,test,test,wormguides/models/obj_files/Caapap,1,400,
ABarappaaap,ABarappaaap,test,test,wormguides/models/obj_files/ABarappaaap,1,400,
ABarappaaaa,ABarappaaaa,test,test,wormguides/models/obj_files/ABarappaaaa,1,400,
ABplpppppap,ABplpppppap,test,test,wormguides/models/obj_files/ABplpppppap,1,400,
ABplpppppaa,ABplpppppaa,test,test,wormguides/models/obj_files/ABplpppppaa,1,400,
ABprpapaapp,ABprpapaapp,test,test,wormguides/models/obj_files/ABprpapaapp,1,400,
ABprpapaapa,ABprpapaapa,test,test,wormguides/models/obj_files/ABprpapaapa,1,400,
ABalppaaapa,ABalppaaapa,test,test,wormguides/models/obj_files/ABalppaaapa,1,400,
ABalppaaapp,ABalppaaapp,test,test,wormguides/models/obj_files/ABalppaaapp,1,400,
ABalaappapa,ABalaappapa,test,test,wormguides/models/obj_files/ABalaappapa,1,400,
ABalaappapp,ABalaappapp,test,test,wormguides/models/obj_files/ABalaappapp,1,400,
ABplppappap,ABplppappap,test,test,wormguides/models/obj_files/ABplppappap,1,400,
ABplppappaa,ABplppappaa,test,test,wormguides/models/obj_files/ABplppappaa,1,400,
ABprpapaaaa,ABprpapaaaa,test,test,wormguides/models/obj_files/ABprpapaaaa,1,400,
ABprpapaaap,ABprpapaaap,test,test,wormguides/models/obj_files/ABprpapaaap,1,400,
ABalppaappp,ABalppaappp,test,test,wormguides/models/obj_files/ABalppaappp,1,400,
ABalppaappa,ABalppaappa,test,test,wormguides/models/obj_files/ABalppaappa,1,400,
ABaraapappa,ABaraapappa,test,test,wormguides/models/obj_files/ABaraapappa,1,400,
ABaraapappp,ABaraapappp,test,test,wormguides/models/obj_files/ABaraapappp,1,400,
ABaraapaaaa,ABaraapaaaa,test,test,wormguides/models/obj_files/ABaraapaaaa,1,400,
ABaraapaaap,ABaraapaaap,test,test,wormguides/models/obj_files/ABaraapaaap,1,400,
ABplpapaapa,ABplpapaapa,test,test,wormguides/models/obj_files/ABplpapaapa,1,400,
ABplpapaapp,ABplpapaapp,test,test,wormguides/models/obj_files/ABplpapaapp,1,400,
ABplaapaaaa,ABplaapaaaa,test,test,wormguides/models/obj_files/ABplaapaaaa,1,400,
ABplaapaaap,ABplaapaaap,test,test,wormguides/models/obj_files/ABplaapaaap,1,400,
ABplaapapap,ABplaapapap,test,test,wormguides/models/obj_files/ABplaapapap,1,400,
ABplaapapaa,ABplaapapaa,test,test,wormguides/models/obj_files/ABplaapapaa,1,400,
ABpraapaaaa,ABpraapaaaa,test,test,wormguides/models/obj_files/ABpraapaaaa,1,400,
ABpraapaaap,ABpraapaaap,test,test,wormguides/models/obj_files/ABpraapaaap,1,400,
ABalpppaaaa,ABalpppaaaa,test,test,wormguides/models/obj_files/ABalpppaaaa,1,400,
ABalpppaaap,ABalpppaaap,test,test,wormguides/models/obj_files/ABalpppaaap,1,400,
ABprppaappa,ABprppaappa,test,test,wormguides/models/obj_files/ABprppaappa,1,400,
ABprppaappp,ABprppaappp,test,test,wormguides/models/obj_files/ABprppaappp,1,400,
ABpraapapap,ABpraapapap,test,test,wormguides/models/obj_files/ABpraapapap,1,400,
ABpraapapaa,ABpraapapaa,test,test,wormguides/models/obj_files/ABpraapapaa,1,400,
ABpraaaapav,ABpraaaapav,test,test,wormguides/models/obj_files/ABpraaaapav,1,400,
ABpraaaapad,ABpraaaapad,test,test,wormguides/models/obj_files/ABpraaaapad,1,400,
ABalpapaapp,ABalpapaapp,test,test,wormguides/models/obj_files/ABalpapaapp,1,400,
ABalpapaapa,ABalpapaapa,test,test,wormguides/models/obj_files/ABalpapaapa,1,400,
ABprppappaa,ABprppappaa,test,test,wormguides/models/obj_files/ABprppappaa,1,400,
ABprppappap,ABprppappap,test,test,wormguides/models/obj_files/ABprppappap,1,400,
ABprapaaaap,ABprapaaaap,test,test,wormguides/models/obj_files/ABprapaaaap,1,400,
ABprapaaaaa,ABprapaaaaa,test,test,wormguides/models/obj_files/ABprapaaaaa,1,400,
ABprapapppp,ABprapapppp,test,test,wormguides/models/obj_files/ABprapapppp,1,400,
ABprapapppa,ABprapapppa,test,test,wormguides/models/obj_files/ABprapapppa,1,400,
Cpppapp,Cpppapp,test,test,wormguides/models/obj_files/Cpppapp,1,400,
Cpppapa,Cpppapa,test,test,wormguides/models/obj_files/Cpppapa,1,400,
ABalpaaaaap,ABalpaaaaap,test,test,wormguides/models/obj_files/ABalpaaaaap,1,400,
ABalpaaaaaa,ABalpaaaaaa,test,test,wormguides/models/obj_files/ABalpaaaaaa,1,400,
ABplapppapp,ABplapppapp,test,test,wormguides/models/obj_files/ABplapppapp,1,400,
ABplapppapa,ABplapppapa,test,test,wormguides/models/obj_files/ABplapppapa,1,400,
MSpaapaap,MSpaapaap,test,test,wormguides/models/obj_files/MSpaapaap,1,400,
MSpaapaaa,MSpaapaaa,test,test,wormguides/models/obj_files/MSpaapaaa,1,400,
ABplppaapap,ABplppaapap,test,test,wormguides/models/obj_files/ABplppaapap,1,400,
ABplppaapaa,ABplppaapaa,test,test,wormguides/models/obj_files/ABplppaapaa,1,400,
ABaraappaaa,ABaraappaaa,test,test,wormguides/models/obj_files/ABaraappaaa,1,400,
ABaraappaap,ABaraappaap,test,test,wormguides/models/obj_files/ABaraappaap,1,400,
ABalaaaarrp,ABalaaaarrp,test,test,wormguides/models/obj_files/ABalaaaarrp,1,400,
ABalaaaarra,ABalaaaarra,test,test,wormguides/models/obj_files/ABalaaaarra,1,400,
ABplppapapa,ABplppapapa,test,test,wormguides/models/obj_files/ABplppapapa,1,400,
ABplppapapp,ABplppapapp,test,test,wormguides/models/obj_files/ABplppapapp,1,400,
ABpraaapapa,ABpraaapapa,test,test,wormguides/models/obj_files/ABpraaapapa,1,400,
ABpraaapapp,ABpraaapapp,test,test,wormguides/models/obj_files/ABpraaapapp,1,400,
ABprapppapp,ABprapppapp,test,test,wormguides/models/obj_files/ABprapppapp,1,400,
ABprapppapa,ABprapppapa,test,test,wormguides/models/obj_files/ABprapppapa,1,400,
ABalpaaapaa,ABalpaaapaa,test,test,wormguides/models/obj_files/ABalpaaapaa,1,400,
ABalpaaapap,ABalpaaapap,test,test,wormguides/models/obj_files/ABalpaaapap,1,400,
ABalaapappa,ABalaapappa,test,test,wormguides/models/obj_files/ABalaapappa,1,400,
ABalaapappp,ABalaapappp,test,test,wormguides/models/obj_files/ABalaapappp,1,400,
ABaraaappap,ABaraaappap,test,test,wormguides/models/obj_files/ABaraaappap,1,400,
ABaraaappaa,ABaraaappaa,test,test,wormguides/models/obj_files/ABaraaappaa,1,400,
ABaraaaaaap,ABaraaaaaap,test,test,wormguides/models/obj_files/ABaraaaaaap,1,400,
ABaraaaaaaa,ABaraaaaaaa,test,test,wormguides/models/obj_files/ABaraaaaaaa,1,400,
ABaraaaaapp,ABaraaaaapp,test,test,wormguides/models/obj_files/ABaraaaaapp,1,400,
ABaraaaaapa,ABaraaaaapa,test,test,wormguides/models/obj_files/ABaraaaaapa,1,400,
ABalaapppaa,ABalaapppaa,test,test,wormguides/models/obj_files/ABalaapppaa,1,400,
ABalaapppap,ABalaapppap,test,test,wormguides/models/obj_files/ABalaapppap,1,400,
Cppppaa,Cppppaa,test,test,wormguides/models/obj_files/Cppppaa,1,400,
Cppppap,Cppppap,test,test,wormguides/models/obj_files/Cppppap,1,400,
ABplpaaapap,ABplpaaapap,test,test,wormguides/models/obj_files/ABplpaaapap,1,400,
ABplpaaapaa,ABplpaaapaa,test,test,wormguides/models/obj_files/ABplpaaapaa,1,400,
Cappaaa,Cappaaa,test,test,wormguides/models/obj_files/Cappaaa,1,400,
Cppaaap,Cppaaap,test,test,wormguides/models/obj_files/Cppaaap,1,400,
Cppaaaa,Cppaaaa,test,test,wormguides/models/obj_files/Cppaaaa,1,400,
ABalaaaparr,ABalaaaparr,test,test,wormguides/models/obj_files/ABalaaaparr,1,400,
ABalaaaparl,ABalaaaparl,test,test,wormguides/models/obj_files/ABalaaaparl,1,400,
Cappaap,Cappaap,test,test,wormguides/models/obj_files/Cappaap,1,400,
ABalaaaarlp,ABalaaaarlp,test,test,wormguides/models/obj_files/ABalaaaarlp,1,400,
ABalaaaarla,ABalaaaarla,test,test,wormguides/models/obj_files/ABalaaaarla,1,400,
ABplapapppa,ABplapapppa,test,test,wormguides/models/obj_files/ABplapapppa,1,400,
ABplapapppp,ABplapapppp,test,test,wormguides/models/obj_files/ABplapapppp,1,400,
ABarappaapa,ABarappaapa,test,test,wormguides/models/obj_files/ABarappaapa,1,400,
ABarappaapp,ABarappaapp,test,test,wormguides/models/obj_files/ABarappaapp,1,400,
ABarpapaaap,ABarpapaaap,test,test,wormguides/models/obj_files/ABarpapaaap,1,400,
ABalaaapplr,ABalaaapplr,test,test,wormguides/models/obj_files/ABalaaapplr,1,400,
ABplppapppp,ABplppapppp,test,test,wormguides/models/obj_files/ABplppapppp,1,400,
ABplppapppa,ABplppapppa,test,test,wormguides/models/obj_files/ABplppapppa,1,400,
ABarpapaaaa,ABarpapaaaa,test,test,wormguides/models/obj_files/ABarpapaaaa,1,400,
Cpppppv,Cpppppv,test,test,wormguides/models/obj_files/Cpppppv,1,400,
Cpppppd,Cpppppd,test,test,wormguides/models/obj_files/Cpppppd,1,400,
ABalaaappll,ABalaaappll,test,test,wormguides/models/obj_files/ABalaaappll,1,400,
ABarapaaaap,ABarapaaaap,test,test,wormguides/models/obj_files/ABarapaaaap,1,400,
ABprpaaapaa,ABprpaaapaa,test,test,wormguides/models/obj_files/ABprpaaapaa,1,400,
ABprpaaapap,ABprpaaapap,test,test,wormguides/models/obj_files/ABprpaaapap,1,400,
ABprppaapap,ABprppaapap,test,test,wormguides/models/obj_files/ABprppaapap,1,400,
ABprppaapaa,ABprppaapaa,test,test,wormguides/models/obj_files/ABprppaapaa,1,400,
ABpraaaaaaa,ABpraaaaaaa,test,test,wormguides/models/obj_files/ABpraaaaaaa,1,400,
ABpraaaaaap,ABpraaaaaap,test,test,wormguides/models/obj_files/ABpraaaaaap,1,400,
ABalpppaapd,ABalpppaapd,test,test,wormguides/models/obj_files/ABalpppaapd,1,400,
ABalpppaapv,ABalpppaapv,test,test,wormguides/models/obj_files/ABalpppaapv,1,400,
ABalpaaappp,ABalpaaappp,test,test,wormguides/models/obj_files/ABalpaaappp,1,400,
ABalpaaappa,ABalpaaappa,test,test,wormguides/models/obj_files/ABalpaaappa,1,400,
ABarapaaaaa,ABarapaaaaa,test,test,wormguides/models/obj_files/ABarapaaaaa,1,400,
ABalapaapap,ABalapaapap,test,test,wormguides/models/obj_files/ABalapaapap,1,400,
ABalapaapaa,ABalapaapaa,test,test,wormguides/models/obj_files/ABalapaapaa,1,400,
MSpaaapaa,MSpaaapaa,test,test,wormguides/models/obj_files/MSpaaapaa,1,400,
MSpaaapap,MSpaaapap,test,test,wormguides/models/obj_files/MSpaaapap,1,400,
ABarapaapap,ABarapaapap,test,test,wormguides/models/obj_files/ABarapaapap,1,400,
ABarapaapaa,ABarapaapaa,test,test,wormguides/models/obj_files/ABarapaapaa,1,400,
ABprppapapa,ABprppapapa,test,test,wormguides/models/obj_files/ABprppapapa,1,400,
ABprppapapp,ABprppapapp,test,test,wormguides/models/obj_files/ABprppapapp,1,400,
ABpraaapaad,ABpraaapaad,test,test,wormguides/models/obj_files/ABpraaapaad,1,400,
ABpraaapaav,ABpraaapaav,test,test,wormguides/models/obj_files/ABpraaapaav,1,400,
ABpraaaaapd,ABpraaaaapd,test,test,wormguides/models/obj_files/ABpraaaaapd,1,400,
ABpraaaaapv,ABpraaaaapv,test,test,wormguides/models/obj_files/ABpraaaaapv,1,400,
Cppapaa,Cppapaa,test,test,wormguides/models/obj_files/Cppapaa,1,400,
Cppapap,Cppapap,test,test,wormguides/models/obj_files/Cppapap,1,400,
ABalappapap,ABalappapap,test,test,wormguides/models/obj_files/ABalappapap,1,400,
ABalappapaa,ABalappapaa,test,test,wormguides/models/obj_files/ABalappapaa,1,400,
ABalaaaalpp,ABalaaaalpp,test,test,wormguides/models/obj_files/ABalaaaalpp,1,400,
ABalaaaalpa,ABalaaaalpa,test,test,wormguides/models/obj_files/ABalaaaalpa,1,400,
ABalpapppaa,ABalpapppaa,test,test,wormguides/models/obj_files/ABalpapppaa,1,400,
ABalpapppap,ABalpapppap,test,test,wormguides/models/obj_files/ABalpapppap,1,400,
ABalpaaaapp,ABalpaaaapp,test,test,wormguides/models/obj_files/ABalpaaaapp,1,400,
ABalpaaaapa,ABalpaaaapa,test,test,wormguides/models/obj_files/ABalpaaaapa,1,400,
ABarpaaapaa,ABarpaaapaa,test,test,wormguides/models/obj_files/ABarpaaapaa,1,400,
ABarpaaapap,ABarpaaapap,test,test,wormguides/models/obj_files/ABarpaaapap,1,400,
ABalaaaalal,ABalaaaalal,test,test,wormguides/models/obj_files/ABalaaaalal,1,400,
ABalaaaalar,ABalaaaalar,test,test,wormguides/models/obj_files/ABalaaaalar,1,400,
ABarapappaa,ABarapappaa,test,test,wormguides/models/obj_files/ABarapappaa,1,400,
ABarapappap,ABarapappap,test,test,wormguides/models/obj_files/ABarapappap,1,400,
Cappapa,Cappapa,test,test,wormguides/models/obj_files/Cappapa,1,400,
Cappapp,Cappapp,test,test,wormguides/models/obj_files/Cappapp,1,400,
ABalaapaapp,ABalaapaapp,test,test,wormguides/models/obj_files/ABalaapaapp,1,400,
ABalaapaapa,ABalaapaapa,test,test,wormguides/models/obj_files/ABalaapaapa,1,400,
ABarpaaaapa,ABarpaaaapa,test,test,wormguides/models/obj_files/ABarpaaaapa,1,400,
ABarpaaaapp,ABarpaaaapp,test,test,wormguides/models/obj_files/ABarpaaaapp,1,400,
Capppap,Capppap,test,test,wormguides/models/obj_files/Capppap,1,400,
Capppaa,Capppaa,test,test,wormguides/models/obj_files/Capppaa,1,400,
ABarapaaapp,ABarapaaapp,test,test,wormguides/models/obj_files/ABarapaaapp,1,400,
ABarapaaapa,ABarapaaapa,test,test,wormguides/models/obj_files/ABarapaaapa,1,400,
ABprppapppa,ABprppapppa,test,test,wormguides/models/obj_files/ABprppapppa,1,400,
ABprppapppp,ABprppapppp,test,test,wormguides/models/obj_files/ABprppapppp,1,400,
Cppappp,Cppappp,test,test,wormguides/models/obj_files/Cppappp,1,400,
Cppappa,Cppappa,test,test,wormguides/models/obj_files/Cppappa,1,400,
ABaraaaapap,ABaraaaapap,test,test,wormguides/models/obj_files/ABaraaaapap,1,400,
ABaraaaapaa,ABaraaaapaa,test,test,wormguides/models/obj_files/ABaraaaapaa,1,400,
MSpaaaaaa,MSpaaaaaa,test,test,wormguides/models/obj_files/MSpaaaaaa,1,400,
MSpaaaaap,MSpaaaaap,test,test,wormguides/models/obj_files/MSpaaaaap,1,400,
Capaaap,Capaaap,test,test,wormguides/models/obj_files/Capaaap,1,400,
Capaaaa,Capaaaa,test,test,wormguides/models/obj_files/Capaaaa,1,400,
Cppaapp,Cppaapp,test,test,wormguides/models/obj_files/Cppaapp,1,400,
Cppaapa,Cppaapa,test,test,wormguides/models/obj_files/Cppaapa,1,400,
ABarpaaaaar,ABarpaaaaar,test,test,wormguides/models/obj_files/ABarpaaaaar,1,400,
ABarpaaaaal,ABarpaaaaal,test,test,wormguides/models/obj_files/ABarpaaaaal,1,400,
ABplaaaaaap,ABplaaaaaap,test,test,wormguides/models/obj_files/ABplaaaaaap,1,400,
ABplaaaaaaa,ABplaaaaaaa,test,test,wormguides/models/obj_files/ABplaaaaaaa,1,400,
Capapap,Capapap,test,test,wormguides/models/obj_files/Capapap,1,400,
Capapaa,Capapaa,test,test,wormguides/models/obj_files/Capapaa,1,400,
ABalpppppppa,ABalpppppppa,test,test,wormguides/models/obj_files/ABalpppppppa,1,400,
ABalpppppppp,ABalpppppppp,test,test,wormguides/models/obj_files/ABalpppppppp,1,400,
MSpapppaa,MSpapppaa,test,test,wormguides/models/obj_files/MSpapppaa,1,400,
MSpapppap,MSpapppap,test,test,wormguides/models/obj_files/MSpapppap,1,400,
ABprapppaap,ABprapppaap,test,test,wormguides/models/obj_files/ABprapppaap,1,400,
ABprapppaaa,ABprapppaaa,test,test,wormguides/models/obj_files/ABprapppaaa,1,400,
ABalaapaaal,ABalaapaaal,test,test,wormguides/models/obj_files/ABalaapaaal,1,400,
ABalaapaaar,ABalaapaaar,test,test,wormguides/models/obj_files/ABalaapaaar,1,400,
ABplapppaaa,ABplapppaaa,test,test,wormguides/models/obj_files/ABplapppaaa,1,400,
ABplapppaap,ABplapppaap,test,test,wormguides/models/obj_files/ABplapppaap,1,400,
MSpapapaa,MSpapapaa,test,test,wormguides/models/obj_files/MSpapapaa,1,400,
MSpapapap,MSpapapap,test,test,wormguides/models/obj_files/MSpapapap,1,400,
Capaapp,Capaapp,test,test,wormguides/models/obj_files/Capaapp,1,400,
Capaapa,Capaapa,test,test,wormguides/models/obj_files/Capaapa,1,400,
ABalapaaaap,ABalapaaaap,test,test,wormguides/models/obj_files/ABalapaaaap,1,400,
ABalapaaaaa,ABalapaaaaa,test,test,wormguides/models/obj_files/ABalapaaaaa,1,400,
Cappppv,Cappppv,test,test,wormguides/models/obj_files/Cappppv,1,400,
Cappppd,Cappppd,test,test,wormguides/models/obj_files/Cappppd,1,400,
Dappaa,Dappaa,test,test,wormguides/models/obj_files/Dappaa,1,400,
Dappap,Dappap,test,test,wormguides/models/obj_files/Dappap,1,400,
Capappp,Capappp,test,test,wormguides/models/obj_files/Capappp,1,400,
Capappa,Capappa,test,test,wormguides/models/obj_files/Capappa,1,400,
Dpppap,Dpppap,test,test,wormguides/models/obj_files/Dpppap,1,400,
Dpppaa,Dpppaa,test,test,wormguides/models/obj_files/Dpppaa,1,400,
ABalppppppaa,ABalppppppaa,test,test,wormguides/models/obj_files/ABalppppppaa,1,400,
ABalppppppap,ABalppppppap,test,test,wormguides/models/obj_files/ABalppppppap,1,400,
MSaapppap,MSaapppap,test,test,wormguides/models/obj_files/MSaapppap,1,400,
MSaapppaa,MSaapppaa,test,test,wormguides/models/obj_files/MSaapppaa,1,400,
MSpappppa,MSpappppa,test,test,wormguides/models/obj_files/MSpappppa,1,400,
MSpappppp,MSpappppp,test,test,wormguides/models/obj_files/MSpappppp,1,400,
MSaapapaa,MSaapapaa,test,test,wormguides/models/obj_files/MSaapapaa,1,400,
MSaapapap,MSaapapap,test,test,wormguides/models/obj_files/MSaapapap,1,400,
ABpraaappppp,ABpraaappppp,test,test,wormguides/models/obj_files/ABpraaappppp,1,400,
ABpraaappppa,ABpraaappppa,test,test,wormguides/models/obj_files/ABpraaappppa,1,400,
MSaaaaaar,MSaaaaaar,test,test,wormguides/models/obj_files/MSaaaaaar,1,400,
MSaaaaaal,MSaaaaaal,test,test,wormguides/models/obj_files/MSaaaaaal,1,400,
MSaaaaapap,MSaaaaapap,test,test,wormguides/models/obj_files/MSaaaaapap,1,400,
MSaaaaapaa,MSaaaaapaa,test,test,wormguides/models/obj_files/MSaaaaapaa,1,400,
Dppppa,Dppppa,test,test,wormguides/models/obj_files/Dppppa,1,400,
Dppppp,Dppppp,test,test,wormguides/models/obj_files/Dppppp,1,400,
MSppaaaad,MSppaaaad,test,test,wormguides/models/obj_files/MSppaaaad,1,400,
Dapppp,Dapppp,test,test,wormguides/models/obj_files/Dapppp,1,400,
Dapppa,Dapppa,test,test,wormguides/models/obj_files/Dapppa,1,400,
MSppaaaav,MSppaaaav,test,test,wormguides/models/obj_files/MSppaaaav,1,400,
Ealaad,Ealaad,test,test,wormguides/models/obj_files/Ealaad,1,400,
Ealaav,Ealaav,test,test,wormguides/models/obj_files/Ealaav,1,400,
ABpraaapppap,ABpraaapppap,test,test,wormguides/models/obj_files/ABpraaapppap,1,400,
ABpraaapppaa,ABpraaapppaa,test,test,wormguides/models/obj_files/ABpraaapppaa,1,400,
MSapaaaad,MSapaaaad,test,test,wormguides/models/obj_files/MSapaaaad,1,400,
MSapaaaav,MSapaaaav,test,test,wormguides/models/obj_files/MSapaaaav,1,400,
Earaad,Earaad,test,test,wormguides/models/obj_files/Earaad,1,400,
Earaav,Earaav,test,test,wormguides/models/obj_files/Earaav,1,400,
MSaappppa,MSaappppa,test,test,wormguides/models/obj_files/MSaappppa,1,400,
MSaappppp,MSaappppp,test,test,wormguides/models/obj_files/MSaappppp,1,400,
ABalpppapppp,ABalpppapppp,test,test,wormguides/models/obj_files/ABalpppapppp,1,400,
ABalpppapppa,ABalpppapppa,test,test,wormguides/models/obj_files/ABalpppapppa,1,400,
MSpapaapaa,MSpapaapaa,test,test,wormguides/models/obj_files/MSpapaapaa,1,400,
MSpapaapap,MSpapaapap,test,test,wormguides/models/obj_files/MSpapaapap,1,400,
ABplaapapppa,ABplaapapppa,test,test,wormguides/models/obj_files/ABplaapapppa,1,400,
ABplaapapppp,ABplaapapppp,test,test,wormguides/models/obj_files/ABplaapapppp,1,400,
Eplppa,Eplppa,test,test,wormguides/models/obj_files/Eplppa,1,400,
Eplppp,Eplppp,test,test,wormguides/models/obj_files/Eplppp,1,400,
ABarpapaappp,ABarpapaappp,test,test,wormguides/models/obj_files/ABarpapaappp,1,400,
ABarpapaappa,ABarpapaappa,test,test,wormguides/models/obj_files/ABarpapaappa,1,400,
ABpraapapppp,ABpraapapppp,test,test,wormguides/models/obj_files/ABpraapapppp,1,400,
ABpraapapppa,ABpraapapppa,test,test,wormguides/models/obj_files/ABpraapapppa,1,400,
ABprppaaaapp,ABprppaaaapp,test,test,wormguides/models/obj_files/ABprppaaaapp,1,400,
ABprppaaaapa,ABprppaaaapa,test,test,wormguides/models/obj_files/ABprppaaaapa,1,400,
ABalappppaap,ABalappppaap,test,test,wormguides/models/obj_files/ABalappppaap,1,400,
ABalappppaaa,ABalappppaaa,test,test,wormguides/models/obj_files/ABalappppaaa,1,400,
Eprppa,Eprppa,test,test,wormguides/models/obj_files/Eprppa,1,400,
Eprppp,Eprppp,test,test,wormguides/models/obj_files/Eprppp,1,400,
MSaapaapaa,MSaapaapaa,test,test,wormguides/models/obj_files/MSaapaapaa,1,400,
MSaapaapap,MSaapaapap,test,test,wormguides/models/obj_files/MSaapaapap,1,400,
ABprapappppp,ABprapappppp,test,test,wormguides/models/obj_files/ABprapappppp,1,400,
ABprapappppa,ABprapappppa,test,test,wormguides/models/obj_files/ABprapappppa,1,400,
ABarapapaapp,ABarapapaapp,test,test,wormguides/models/obj_files/ABarapapaapp,1,400,
ABarapapaapa,ABarapapaapa,test,test,wormguides/models/obj_files/ABarapapaapa,1,400,
ABalpapapapp,ABalpapapapp,test,test,wormguides/models/obj_files/ABalpapapapp,1,400,
ABalpapapapa,ABalpapapapa,test,test,wormguides/models/obj_files/ABalpapapapa,1,400,
ABalpappaapa,ABalpappaapa,test,test,wormguides/models/obj_files/ABalpappaapa,1,400,
ABalpappaapp,ABalpappaapp,test,test,wormguides/models/obj_files/ABalpappaapp,1,400,
ABprpaappppp,ABprpaappppp,test,test,wormguides/models/obj_files/ABprpaappppp,1,400,
ABprpaappppa,ABprpaappppa,test,test,wormguides/models/obj_files/ABprpaappppa,1,400,
ABplpaappppa,ABplpaappppa,test,test,wormguides/models/obj_files/ABplpaappppa,1,400,
ABplpaappppp,ABplpaappppp,test,test,wormguides/models/obj_files/ABplpaappppp,1,400,
ABarappapapp,ABarappapapp,test,test,wormguides/models/obj_files/ABarappapapp,1,400,
ABarappapapa,ABarappapapa,test,test,wormguides/models/obj_files/ABarappapapa,1,400,
ABplpaaappap,ABplpaaappap,test,test,wormguides/models/obj_files/ABplpaaappap,1,400,
ABplpaaappaa,ABplpaaappaa,test,test,wormguides/models/obj_files/ABplpaaappaa,1,400,
ABprapppappa,ABprapppappa,test,test,wormguides/models/obj_files/ABprapppappa,1,400,
ABprpaaappap,ABprpaaappap,test,test,wormguides/models/obj_files/ABprpaaappap,1,400,
ABprpaaappaa,ABprpaaappaa,test,test,wormguides/models/obj_files/ABprpaaappaa,1,400,
ABprapppappp,ABprapppappp,test,test,wormguides/models/obj_files/ABprapppappp,1,400,
ABalapappaaa,ABalapappaaa,test,test,wormguides/models/obj_files/ABalapappaaa,1,400,
ABalapappaap,ABalapappaap,test,test,wormguides/models/obj_files/ABalapappaap,1,400,
ABplapappppa,ABplapappppa,test,test,wormguides/models/obj_files/ABplapappppa,1,400,
ABplapappppp,ABplapappppp,test,test,wormguides/models/obj_files/ABplapappppp,1,400,
ABplapaaaapp,ABplapaaaapp,test,test,wormguides/models/obj_files/ABplapaaaapp,1,400,
ABplapaaaapa,ABplapaaaapa,test,test,wormguides/models/obj_files/ABplapaaaapa,1,400,
ABarapppppap,ABarapppppap,test,test,wormguides/models/obj_files/ABarapppppap,1,400,
ABarapppppaa,ABarapppppaa,test,test,wormguides/models/obj_files/ABarapppppaa,1,400,
ABpraaaapppp,ABpraaaapppp,test,test,wormguides/models/obj_files/ABpraaaapppp,1,400,
ABpraaaapppa,ABpraaaapppa,test,test,wormguides/models/obj_files/ABpraaaapppa,1,400,
ABalppapppaa,ABalppapppaa,test,test,wormguides/models/obj_files/ABalppapppaa,1,400,
ABalppapppap,ABalppapppap,test,test,wormguides/models/obj_files/ABalppapppap,1,400,
ABalapaappap,ABalapaappap,test,test,wormguides/models/obj_files/ABalapaappap,1,400,
ABalapaappaa,ABalapaappaa,test,test,wormguides/models/obj_files/ABalapaappaa,1,400,
ABplppapaaap,ABplppapaaap,test,test,wormguides/models/obj_files/ABplppapaaap,1,400,
ABplppapaaaa,ABplppapaaaa,test,test,wormguides/models/obj_files/ABplppapaaaa,1,400,
ABplapppappa,ABplapppappa,test,test,wormguides/models/obj_files/ABplapppappa,1,400,
ABplapppappp,ABplapppappp,test,test,wormguides/models/obj_files/ABplapppappp,1,400,
ABplapaaapad,ABplapaaapad,test,test,wormguides/models/obj_files/ABplapaaapad,1,400,
ABplapaaapav,ABplapaaapav,test,test,wormguides/models/obj_files/ABplapaaapav,1,400,
MSppapaap,MSppapaap,test,test,wormguides/models/obj_files/MSppapaap,1,400,
MSppapaaa,MSppapaaa,test,test,wormguides/models/obj_files/MSppapaaa,1,400,
ABprapaaaapa,ABprapaaaapa,test,test,wormguides/models/obj_files/ABprapaaaapa,1,400,
ABprapaaaapp,ABprapaaaapp,test,test,wormguides/models/obj_files/ABprapaaaapp,1,400,
MSapapaaa,MSapapaaa,test,test,wormguides/models/obj_files/MSapapaaa,1,400,
MSapapaap,MSapapaap,test,test,wormguides/models/obj_files/MSapapaap,1,400,
ABaraapapaav,ABaraapapaav,test,test,wormguides/models/obj_files/ABaraapapaav,1,400,
ABaraapapaad,ABaraapapaad,test,test,wormguides/models/obj_files/ABaraapapaad,1,400,
ABaraapppaad,ABaraapppaad,test,test,wormguides/models/obj_files/ABaraapppaad,1,400,
ABaraapppaav,ABaraapppaav,test,test,wormguides/models/obj_files/ABaraapppaav,1,400,
ABprapaaapad,ABprapaaapad,test,test,wormguides/models/obj_files/ABprapaaapad,1,400,
ABprapaaapav,ABprapaaapav,test,test,wormguides/models/obj_files/ABprapaaapav,1,400,